{"type":"FeatureCollection","features":[{"type":"Feature","properties":{"name":"Aveiro","key":"Aveiro","concelhos":19},"geometry":{"type":"Polygon","coordinates":[[[-8.783994338915242,40.520401913400164],[-8.74953950884517,40.63482520063789],[-8.751520468291348,40.64046667127617],[-8.763573163374069,40.643407668122734],[-8.757114275443104,40.646494881252195],[-8.751279397990988,40.65676838431843],[-8.667586266278557,40.90253787158866],[-8.657495867253948,40.95769840901473],[-8.650063576250243,40.97742513032794],[-8.65208695631331,40.98189850823128],[-8.6469688828492,40.99291182553483],[-8.651193187685077,40.998401608169395],[-8.645697521184331,41.01599539344486],[-8.63499717462048,41.01536842861314],[-8.605901187819098,41.02579436422873],[-8.593097255436676,41.01430022875306],[-8.559583306983505,41.01557387974048],[-8.554995788757275,41.02649684658107],[-8.528401929487698,41.04049378636692],[-8.515174108183725,41.015714985618985],[-8.500157263228456,41.00977027569301],[-8.49081582792325,41.01379422183895],[-8.49189434830929,41.022097070411895],[-8.475258570994743,41.029066581617876],[-8.476933692542701,41.03391263440248],[-8.492593552820054,41.039602623202846],[-8.486196963796486,41.05269525188898],[-8.476901176365054,41.052894974690275],[-8.457895294504498,41.04354158476271],[-8.448699260253916,41.05349332941946],[-8.428406083127035,41.03659894782763],[-8.432470675862724,41.02926107962521],[-8.429378527122754,41.022276303021194],[-8.390971936452498,41.00911949588207],[-8.385073584064457,41.02134330699184],[-8.400894732081582,41.03320078642117],[-8.396602517189123,41.04549345051063],[-8.398693131216113,41.052394954804086],[-8.370501862137791,41.05069450175753],[-8.356551339237818,41.04140875653099],[-8.347771326377961,41.04079772721965],[-8.326997848508631,41.057894813822664],[-8.312891938219567,41.05967541107886],[-8.294598163455134,41.07999491396496],[-8.287203177667449,41.078895394242075],[-8.281585702154755,41.069196538924196],[-8.27252729471371,41.06504431614837],[-8.261301433751761,41.06549505232916],[-8.251431286997214,41.05893678822317],[-8.239803799660056,41.0597950562895],[-8.237548608858422,41.04913704958579],[-8.230693090162058,41.04599931378998],[-8.230908509211005,41.02710153040892],[-8.235039045936764,41.01778879374137],[-8.230919933433546,41.01320376661409],[-8.220400245293968,41.01529516887762],[-8.203808831986757,41.00939854942362],[-8.210458436992015,41.00304718823072],[-8.20660500274309,40.996103882301874],[-8.19430081992628,40.99819510762054],[-8.178055275558178,40.988363631064104],[-8.157501581461121,40.988594711293565],[-8.143226413661429,40.97892369471063],[-8.133896706932711,40.97871007948697],[-8.12412849628504,40.98480882078601],[-8.118496161421989,40.99709580103719],[-8.103931422499153,41.00251638087544],[-8.099097707797231,41.01339345547658],[-8.09110443983031,41.00899710223648],[-8.089205286739407,40.987602054609305],[-8.132239919658726,40.946932354517045],[-8.130161072321648,40.935009078065846],[-8.120405256226643,40.91789960088061],[-8.126889647331916,40.898565097199224],[-8.11560395287789,40.890296926768194],[-8.110095652867843,40.87383786819388],[-8.103005464362742,40.866898512471586],[-8.106403668289147,40.85520392059305],[-8.13369937713853,40.84920493971161],[-8.167298341150506,40.86538723420944],[-8.19050139564088,40.84610480533427],[-8.20629802314128,40.84850523542386],[-8.23116471229361,40.86413609350586],[-8.24971150400251,40.85715938884034],[-8.251612542864056,40.85235479946536],[-8.23740520640199,40.82319981675088],[-8.24340367155605,40.807303068511736],[-8.255665502755091,40.79920619643746],[-8.254904437066584,40.791700678805526],[-8.26517420567503,40.781238352563115],[-8.273203135163207,40.756505681437275],[-8.279816734626737,40.7577413301412],[-8.308801161202181,40.74260479091375],[-8.321179372435193,40.742603883815335],[-8.331548988037683,40.73695487000898],[-8.32360578005249,40.71949940650715],[-8.324688482217285,40.71058789009984],[-8.313803557047445,40.70379642659149],[-8.307100796252522,40.6935688543178],[-8.297604738917212,40.6942944907546],[-8.297788950972034,40.676382603413046],[-8.28880539751847,40.668998059685045],[-8.294579743281039,40.649719663923385],[-8.292741450793766,40.63430837514147],[-8.284712255680937,40.63074142839646],[-8.279000042397422,40.63289460892622],[-8.245407629855196,40.616398646500436],[-8.249803028554759,40.611805061759135],[-8.276014736141493,40.604523666394186],[-8.290621199444008,40.60537302816696],[-8.307429434315832,40.595404820347795],[-8.299433095953953,40.577850805341136],[-8.289204719375723,40.568797432702056],[-8.284556901969395,40.53991635387615],[-8.270402775358072,40.53509566000203],[-8.250107082363531,40.51110130827171],[-8.263900553562683,40.50350524039405],[-8.28339586118704,40.508829139784005],[-8.311501273586284,40.49590421396721],[-8.33103129763677,40.492003489442304],[-8.335009462595622,40.476260299298744],[-8.318804006883314,40.4570982491796],[-8.317604889696453,40.441203420748764],[-8.332522367933134,40.43650607174927],[-8.342556018650809,40.426182827625766],[-8.3381062655749,40.41879983281322],[-8.353055755303771,40.40741381772053],[-8.3502066262285,40.396904249137876],[-8.35394697382402,40.39414109508077],[-8.354404373042893,40.37800158565435],[-8.358651949582457,40.37191685299337],[-8.354705517830235,40.36189926731195],[-8.357203789469796,40.34810316161598],[-8.375300041493492,40.341305280103455],[-8.399697052606562,40.349045823773835],[-8.409604396617015,40.32390467430475],[-8.429596670088687,40.32361114595231],[-8.447251150240914,40.317527204092684],[-8.447304469398164,40.28970121044071],[-8.454402046970149,40.279204720873786],[-8.465696598778086,40.28100410379043],[-8.470057794404156,40.288994375925824],[-8.487772740210755,40.29212625973181],[-8.523696413991306,40.290604798368605],[-8.529893720673009,40.315694027739966],[-8.511693680817203,40.312244811337024],[-8.485594008671244,40.317104917378586],[-8.485964481923773,40.331984584260944],[-8.491894842731549,40.345599875800545],[-8.484123084181384,40.36133535054158],[-8.487593932089302,40.36849973047222],[-8.48266763940212,40.37442025250959],[-8.482345273303643,40.38566075624252],[-8.49798499032189,40.39949811457862],[-8.504797041125045,40.400104643531215],[-8.508094432510852,40.40750032699821],[-8.50528406310194,40.41844196386683],[-8.508529653227702,40.42153153948071],[-8.518028065449958,40.420297883733106],[-8.544201883822454,40.40580516817469],[-8.572398348268749,40.400304813059414],[-8.579495599085483,40.41509411186427],[-8.578195284186931,40.44279804724514],[-8.571646936016005,40.45206073347977],[-8.58466784633729,40.47883595386133],[-8.618592855310965,40.48252525720839],[-8.631432780903499,40.46554229173594],[-8.631244211383393,40.43431354218358],[-8.635703013331877,40.42560430941758],[-8.647899380362935,40.42410494133623],[-8.683797131475586,40.43810403360627],[-8.702161710411616,40.459469302642226],[-8.783994338915242,40.520401913400164]]]}},{"type":"Feature","properties":{"name":"Beja","key":"Beja","concelhos":14},"geometry":{"type":"Polygon","coordinates":[[[-8.819493946928839,37.5992990692284],[-8.81198096594901,37.611282607091375],[-8.811796165565587,37.63029931904964],[-8.79563868471588,37.674524325581785],[-8.792062330540704,37.69387646729772],[-8.79619409855935,37.703998871058275],[-8.787974258273646,37.7133355828062],[-8.797253675329541,37.735766891497605],[-8.810096392180903,37.74170337936347],[-8.812494306134433,37.74889807389971],[-8.807005024528062,37.75379415082589],[-8.806994671158755,37.775998616497915],[-8.80217615939359,37.78102953660279],[-8.801694145744701,37.79549891523499],[-8.792997137512002,37.81959476932502],[-8.785503895303009,37.817895973810536],[-8.782780521769029,37.80817848156431],[-8.77752233280014,37.80554252881105],[-8.76069651267847,37.815594189728884],[-8.749212992596723,37.81229550313332],[-8.735002887082446,37.81449495768459],[-8.711403839099987,37.790796599359574],[-8.706930387403329,37.77930162508636],[-8.695103480984242,37.77579639835632],[-8.690146986482057,37.75904933063082],[-8.684364350966327,37.754135902625585],[-8.673639439577345,37.75749824988952],[-8.670395994719247,37.76519631448158],[-8.661100634275048,37.76839463444572],[-8.618385253739415,37.74966577439863],[-8.606698449847672,37.76019514680499],[-8.588614345500377,37.759227360476395],[-8.589995389007168,37.77849875686138],[-8.582554309077429,37.78809958668573],[-8.58379513684134,37.79939851025508],[-8.566298150256433,37.81879462749154],[-8.550094496902778,37.81772734979791],[-8.551295406220033,37.847396482744756],[-8.530885874298866,37.85516732587653],[-8.479704354227815,37.855070117247614],[-8.462099195714837,37.865594653579855],[-8.44276165473322,37.86125276519691],[-8.43469903416586,37.87089510510451],[-8.400897428624521,37.86271782105747],[-8.368001344275761,37.861095966178304],[-8.357148175331808,37.85402618008848],[-8.333859816749278,37.84994835886359],[-8.336194709122559,37.86459945740859],[-8.333396707290412,37.86969669096617],[-8.31289508282806,37.88092035706935],[-8.312594678715561,37.891697417276404],[-8.301596514572914,37.89923760028013],[-8.309293851696422,37.911700096917635],[-8.30177679857549,37.922143294209356],[-8.30709425676804,37.93000110604542],[-8.295899202566977,37.951451165962474],[-8.29403515207722,37.991055031107365],[-8.305695011852297,37.999102764669104],[-8.30656115694604,38.007545966153344],[-8.32406287670397,38.023654244931926],[-8.347497766543263,38.01720556898437],[-8.353562349520296,38.025908855350906],[-8.363794827578374,38.02200749363085],[-8.364858382122904,38.02798809238487],[-8.374394554087283,38.03170293076351],[-8.373586225286674,38.04237755192781],[-8.394797594916145,38.052903312792225],[-8.40959459731765,38.07299798816719],[-8.400578831196688,38.07944776222687],[-8.389695684027622,38.1139966490147],[-8.386300352832103,38.116093891594566],[-8.37037026159501,38.10371810973166],[-8.36336441970118,38.104556693213794],[-8.353754335816998,38.12116170357351],[-8.355694887954677,38.138197741924856],[-8.338443377913956,38.142198901667214],[-8.333597497611919,38.15519230797954],[-8.310610882644383,38.13838473167387],[-8.292633337552369,38.139578847325794],[-8.287466748735818,38.16143789997477],[-8.289894326825383,38.170399893957786],[-8.284296747425334,38.1865952693898],[-8.275301491418814,38.18629551288414],[-8.2659461219101,38.18034981516479],[-8.241015795906236,38.18005955808206],[-8.229695930170593,38.196995801123315],[-8.218599206592827,38.203095497898474],[-8.202745963741673,38.20093898697908],[-8.165397826049295,38.217592978889385],[-8.131089458058153,38.22450944756701],[-8.129885250766382,38.26601630984133],[-8.136594718048384,38.27440280551914],[-8.143322308476522,38.29790664572556],[-8.164392154298945,38.31929817900439],[-8.161793325154848,38.32709554182493],[-8.149502613875532,38.32749527009088],[-8.142303092065024,38.31553741284124],[-8.133202679793534,38.31293096690987],[-8.105101024273914,38.32040678894872],[-8.077501355139397,38.32229518155589],[-8.071204654448294,38.31920046696606],[-8.054999102474879,38.328280697864756],[-8.0436027674815,38.32609498806518],[-8.018384386470203,38.30083251515],[-7.996919110647238,38.302731931243265],[-7.981399266297369,38.31819507986426],[-7.90554963019118,38.28316587509118],[-7.9002997237446095,38.284694454379846],[-7.869803067084973,38.264872998204936],[-7.863613330867449,38.26566148038553],[-7.839571500980173,38.25229080155175],[-7.825201873595292,38.254394523404585],[-7.814740331371436,38.244797825930924],[-7.804263121123191,38.246070334221066],[-7.790599909143775,38.25479413026312],[-7.780096656644887,38.24864509303335],[-7.7591013856056605,38.24659535553745],[-7.734103791201725,38.23339447589285],[-7.71312574368488,38.215230117324325],[-7.69360094297839,38.21139656421747],[-7.670168542035314,38.20055310959223],[-7.6350000027842,38.20949433983899],[-7.610209254729576,38.202832896566534],[-7.59490090495058,38.2049951880508],[-7.567313919049308,38.18958363993887],[-7.546137690304157,38.1949933908654],[-7.4954165024047095,38.19109583756239],[-7.493349147660387,38.19530258072458],[-7.497693765915974,38.2044984175119],[-7.487798059848613,38.21149567572623],[-7.464306446818654,38.217282136096806],[-7.453597086639774,38.23469695618839],[-7.43810530038489,38.2435005587777],[-7.432296402704209,38.26059627499981],[-7.409920680056605,38.267821089430164],[-7.4082955528900385,38.27639812006096],[-7.398664025968439,38.28918326350426],[-7.4073892202671425,38.29809726133742],[-7.3924733944103,38.296718513133094],[-7.384599384136409,38.30219431658805],[-7.376204353869388,38.29854119946149],[-7.3567288035028175,38.299348727983876],[-7.33709851745629,38.32099508819354],[-7.321498301379725,38.31708446791485],[-7.310497854238586,38.32529519090762],[-7.2830007260607825,38.329895527314974],[-7.276405580510022,38.32639790195735],[-7.277428892219266,38.31885769217558],[-7.262105021386655,38.30369766726896],[-7.260310665723945,38.282577508651606],[-7.244222662462225,38.26327923484562],[-7.2341833905785435,38.25707062664532],[-7.1901065672428945,38.24639662179768],[-7.198298986938418,38.223630935657944],[-7.183604989086265,38.20579663695086],[-7.1595440828972565,38.16259227916248],[-7.155017941246374,38.16430777446687],[-7.1523964304205485,38.173494967691305],[-7.129452706897501,38.17259754136358],[-7.1216972586464,38.18639565503143],[-7.103002642450843,38.1870948324371],[-7.0980547659043856,38.17997722044709],[-7.088803265780236,38.17819545776455],[-7.082346850572174,38.17071866685644],[-7.067369961294081,38.17856856319659],[-7.066195326925721,38.1864947449238],[-7.056006703236508,38.18529619296562],[-7.05236990992498,38.179810741335075],[-7.043498034935496,38.187294157419196],[-7.030127114834231,38.18280492509511],[-7.023893480347873,38.18482270099874],[-7.016697599648636,38.197195021960546],[-7.011298732523846,38.19846587008798],[-7.010695200453353,38.204595165966026],[-6.995327001261188,38.20398150489924],[-6.980501036932454,38.21129422701018],[-6.971067718388239,38.203875420372064],[-6.956597878087549,38.21699531015038],[-6.943399696003688,38.215473758072605],[-6.936706694727157,38.22068794646557],[-6.937938039752238,38.210255168376165],[-6.93150715801496,38.2082938725285],[-6.934403405134839,38.20090257294125],[-6.953696846129274,38.1861502740556],[-6.968683594676373,38.16657459656489],[-6.9671722218705066,38.15899626059071],[-6.952211828575906,38.15280002130267],[-6.958516045286294,38.149291662481396],[-6.9590045187355996,38.13410363913264],[-6.9651157324959945,38.13125400887463],[-6.975603357320529,38.10420430982744],[-6.98679729964604,38.10064017271505],[-6.9892041881225015,38.05920167053036],[-7.001550513963199,38.04419176956791],[-6.999005577977674,38.03600048142837],[-7.0020053559919315,38.02240423443077],[-7.0253716844075775,38.0243299438318],[-7.046797185272206,38.01420627231065],[-7.04967259166559,38.01785153343366],[-7.06339485202355,38.01960378710245],[-7.068970841344932,38.03313200270943],[-7.082698758027441,38.03370424284184],[-7.09952121980899,38.04324914040484],[-7.124782387589979,38.02863744221894],[-7.128731359372786,38.0120124395667],[-7.120793928328354,38.004568313335014],[-7.137299642993889,37.99900515503402],[-7.145395755721227,38.00209576761231],[-7.156201919096541,37.994004907844655],[-7.173397525554029,37.992805249970914],[-7.177693470177554,37.997576003908485],[-7.183997508876987,37.996605522780015],[-7.188222967270768,38.00258729069666],[-7.20067528837976,38.00324781901316],[-7.226701004359348,37.98810467258135],[-7.244605034118813,37.99163755943704],[-7.259145729048196,37.981052336254],[-7.248304444195271,37.95450033021979],[-7.25736636458737,37.93366717054064],[-7.254906329559826,37.92320552402898],[-7.260289910202132,37.92241675003404],[-7.2733091067685764,37.90512213101534],[-7.273604911176598,37.89910382804542],[-7.28150716547222,37.8956867923235],[-7.279505133601157,37.87640117157371],[-7.289103083463526,37.861603076886354],[-7.297569737820555,37.85609320776872],[-7.3021039625865845,37.840403075093704],[-7.310339260122352,37.83542284007248],[-7.324302780315167,37.81580297661644],[-7.365942611800924,37.79277070476266],[-7.396201423149532,37.76420556448051],[-7.406966389952173,37.76654999120272],[-7.419805003704284,37.75792231460473],[-7.419405123043241,37.74330432956034],[-7.427125201056991,37.74093532947885],[-7.426405547217379,37.734000207327],[-7.431303905627152,37.72050362742236],[-7.436361686195242,37.71696752242562],[-7.439403458863226,37.70040605735328],[-7.446946310982461,37.69775513982349],[-7.4438056175283185,37.68860071258938],[-7.451272921266398,37.67747803210581],[-7.443607163035629,37.66460305465984],[-7.451045855969181,37.66159599825089],[-7.454303351586158,37.64630550454847],[-7.463251333480617,37.64581605591096],[-7.470670669488494,37.63456110934721],[-7.470304833337163,37.625004142076385],[-7.479270593650599,37.62312316986858],[-7.488801881313796,37.60400558552948],[-7.5005788930376935,37.6051925397279],[-7.496505420487749,37.594699052882646],[-7.501303602952006,37.57800274179227],[-7.509832199551487,37.57134303044021],[-7.506904909914828,37.55680800370518],[-7.513325246728605,37.55978736618731],[-7.520444101549632,37.55603989158004],[-7.512305252288319,37.53779871546119],[-7.512504393813531,37.52630547245877],[-7.5248017483395175,37.528512241649345],[-7.543701536133845,37.52020898482892],[-7.549554143523758,37.525415683748456],[-7.564693897695938,37.52200599140616],[-7.566056745280442,37.526623661652984],[-7.573283473171592,37.52814781787234],[-7.579403296549907,37.51690391430132],[-7.594397526094727,37.51327964716812],[-7.596204472125008,37.50380367613961],[-7.612704142501075,37.50019387538823],[-7.620700241205574,37.48980606444589],[-7.636258789740462,37.49941160210722],[-7.648099645926489,37.494205562520484],[-7.663475628472804,37.50543644300707],[-7.706299251792855,37.49860524523629],[-7.71326834835699,37.500917170013324],[-7.723500586862333,37.49230561839268],[-7.730672932175099,37.49484307205745],[-7.754099856493913,37.47990598246562],[-7.7601578155357815,37.48248926611213],[-7.763304186631038,37.4791050024201],[-7.773280415539253,37.47914469251865],[-7.787700493964219,37.46850580188252],[-7.794091747407942,37.47010542669916],[-7.800503761134196,37.462704559044354],[-7.820199651968607,37.45260540772654],[-7.82493699581319,37.454080020013556],[-7.832401706239046,37.448505196019156],[-7.852546747152224,37.448827823762215],[-7.856580602265007,37.44462679737289],[-7.8558053168311,37.43740337293216],[-7.8683958412312,37.43864739791187],[-7.876601393261062,37.43220489689876],[-7.891348352916151,37.43387729521811],[-7.893894736271019,37.42924595094856],[-7.888505792283011,37.41500559467275],[-7.90136673961789,37.41677003187699],[-7.907798991211621,37.404213116984124],[-7.91182534762135,37.409756664004476],[-7.921397468481761,37.40750553853396],[-7.926127599558105,37.41016089621647],[-7.93880056439503,37.40380531205609],[-7.946593991897739,37.40731822982239],[-7.954299131853082,37.40390556827185],[-7.961301402822127,37.40913881463735],[-7.971800790330649,37.40230485957378],[-7.979593124574074,37.40363223445021],[-7.985901572386027,37.39620549456216],[-7.99883436943485,37.39745307914164],[-8.00381812411253,37.388484769932795],[-7.999208010370235,37.382599671096656],[-8.001749700634331,37.37772622366246],[-7.9989202598386395,37.37104907050221],[-7.993306604047264,37.371591789553605],[-7.990205174610916,37.363405336912344],[-7.997803721760879,37.36363774734532],[-8.001702076823458,37.35780534195974],[-8.014820734736409,37.36059942438827],[-8.015907540144141,37.354701539444605],[-8.032322326600834,37.34743657280524],[-8.034506912490572,37.33830675012307],[-8.041452231862653,37.33909686993214],[-8.04527714187836,37.33254075503742],[-8.065802335157288,37.31890685893779],[-8.083124616443886,37.32862073729987],[-8.103799862910583,37.32630484473327],[-8.187197677273156,37.34110558463983],[-8.2247061467577,37.36776087653626],[-8.230599227664518,37.367504901436014],[-8.245814085516978,37.37764272367798],[-8.249546841597251,37.38455641598445],[-8.275595390687165,37.387204245169244],[-8.275695429297853,37.40269703950035],[-8.270947628152895,37.407924413334584],[-8.279695189014978,37.418000456763345],[-8.279019085052987,37.42623574951932],[-8.301240066864212,37.43409870834737],[-8.309898636403844,37.43160579083957],[-8.315671437117658,37.436095630577626],[-8.329098987342318,37.423206796676965],[-8.33650854233221,37.430919196173285],[-8.343001707734006,37.42570494716625],[-8.36135260374431,37.431300837693925],[-8.405223634727713,37.42462490224686],[-8.408103589320017,37.41910485225531],[-8.41701407674099,37.41842782138802],[-8.419503608478669,37.409404979251256],[-8.424123548345191,37.40745935042582],[-8.423204666355273,37.390701617378596],[-8.430130424280238,37.38347255753632],[-8.441462524816012,37.38681812972005],[-8.454501985202345,37.37370518671927],[-8.49442664172628,37.38596883708961],[-8.507116448314166,37.38542967157208],[-8.515100579754497,37.378705495477746],[-8.573006291298192,37.41137373467766],[-8.589601367788605,37.40240465911656],[-8.620867848196047,37.4006163602346],[-8.63980148267807,37.37540572852306],[-8.654096680625008,37.3845042412369],[-8.663854416549693,37.40040918262009],[-8.67910843152092,37.40093239021061],[-8.687700535042215,37.395505341551264],[-8.720624242625595,37.40001903645299],[-8.733499904169237,37.3952073750615],[-8.738494674525992,37.40200099334454],[-8.737248648950068,37.4115907340644],[-8.749292453769655,37.41710268935429],[-8.753755748017996,37.42861335814027],[-8.768475485811624,37.43614437439405],[-8.781099925706334,37.43390583390488],[-8.793197233224452,37.436704669872896],[-8.802294324843492,37.44690100697496],[-8.797953206414995,37.46556610080155],[-8.801393933253488,37.47409823876717],[-8.795884586858174,37.48386227197855],[-8.798993577392627,37.49149693914785],[-8.786482104974038,37.534147948095715],[-8.795294288274356,37.55479918553141],[-8.793770642028301,37.56035790855474],[-8.80361420504606,37.57569567610526],[-8.812394413040455,37.58090192457916],[-8.811482903244967,37.58577282472664],[-8.819493946928839,37.5992990692284]]]}},{"type":"Feature","properties":{"name":"Braga","key":"Braga","concelhos":14},"geometry":{"type":"Polygon","coordinates":[[[-8.81159450963985,41.61159787188502],[-8.80840062324678,41.61359378138462],[-8.799534719765198,41.60706160023341],[-8.77609931034896,41.615995894162644],[-8.760079305337499,41.61484756703527],[-8.756995047670722,41.62119681389639],[-8.748200935676882,41.62489476995876],[-8.74188141518765,41.61942395651099],[-8.735003539302221,41.61953659918751],[-8.725597215218134,41.632895862311635],[-8.706994912309927,41.63273877322457],[-8.696797912824266,41.640694658934265],[-8.666901325555434,41.64239537821878],[-8.649548739016357,41.63198618687798],[-8.643297806152741,41.654394641240046],[-8.62720640793492,41.65029697112036],[-8.62604054872081,41.64457580173622],[-8.616401572785163,41.643995412119516],[-8.604407713613718,41.63511524060029],[-8.585899091942563,41.64379538205087],[-8.577303033586832,41.64299545975235],[-8.566555344478884,41.62569002568003],[-8.545313625271216,41.63024313429911],[-8.536803036278583,41.651086008131564],[-8.54093095585958,41.65980356922661],[-8.547392938123885,41.66330140806826],[-8.533198039033083,41.679495723446934],[-8.521400098958624,41.682059329256816],[-8.5143215375448,41.71819839112453],[-8.518295646163292,41.72629660759335],[-8.493499216267056,41.741494483190884],[-8.487304476696114,41.739796206349794],[-8.483616694144663,41.72816862701237],[-8.461984026851487,41.7321012190099],[-8.454668501333472,41.73582133034362],[-8.452796302429462,41.74169720357661],[-8.424398412470858,41.757394838297465],[-8.38393324298118,41.761193934061616],[-8.374899337892963,41.7703937998788],[-8.351183416527773,41.759962430961615],[-8.329999801520257,41.764994285439556],[-8.308585644572139,41.76144414104168],[-8.299292969118605,41.76865031717341],[-8.294397355709421,41.78089368746988],[-8.27048996204362,41.77176141854925],[-8.24594840964061,41.78267597774376],[-8.24059791327061,41.788895176285024],[-8.228436996839195,41.78866483759587],[-8.196198745512058,41.81249474486573],[-8.169920886666198,41.80821364251566],[-8.164996499514958,41.81809433939358],[-8.12649241324512,41.80876056407314],[-8.11659941593226,41.81269564393789],[-8.095112563043825,41.80843449045464],[-8.090398305688149,41.81239491302468],[-8.058086369058447,41.81625470503839],[-8.053399946851178,41.82059299154473],[-8.045004852109189,41.809998609074064],[-8.045504359211046,41.80230329224358],[-8.056972782018164,41.79802304504335],[-8.063385703085448,41.78747326514252],[-8.0612052426647,41.76250181029648],[-8.076750278287173,41.749152704909],[-8.07660479305392,41.74070071315901],[-8.088203581568944,41.71260258071426],[-8.109424620125848,41.70263547763037],[-8.115518606501444,41.68921101726287],[-8.08089959622615,41.6951941421232],[-8.050568534066905,41.69244536348394],[-8.038099101700615,41.70069435758342],[-8.023902322880112,41.69759568785567],[-8.01696081767359,41.689203111769864],[-7.997301447430173,41.68779546424706],[-7.981506529319671,41.67809872475247],[-7.996830402718147,41.657146209839816],[-7.994005818978865,41.65059953905098],[-8.001123672357592,41.64029093521284],[-8.001145552335046,41.614003895184666],[-7.996263156181131,41.60341748062034],[-7.986597954597648,41.60087601612904],[-7.9655014260037955,41.60379526366976],[-7.953389517433249,41.59353605455154],[-7.930900515370493,41.59519520616151],[-7.905090007746061,41.5872231245532],[-7.8912999894454074,41.5933942582825],[-7.8804177382253195,41.588539967863554],[-7.857730238080502,41.601245106032316],[-7.8508979904708065,41.615093402110794],[-7.8295036879569135,41.60219564210074],[-7.815106214619264,41.58539968083379],[-7.810704988409105,41.57329998303832],[-7.820707045006407,41.556205085867845],[-7.837580926516799,41.553895296303104],[-7.837291943266335,41.54828453432282],[-7.83151366387748,41.54629840371937],[-7.838536909831607,41.54240326296019],[-7.837107653777537,41.53650160400357],[-7.862581155492352,41.52453706727262],[-7.861405521513416,41.51180404582379],[-7.894340065133057,41.51103017873679],[-7.897307177107007,41.50619801816317],[-7.894305761321232,41.500300291704626],[-7.902602120226875,41.48930558667269],[-7.916023219425207,41.491450608001145],[-7.9272530377788035,41.487521769150014],[-7.937207963623406,41.47829921974805],[-7.9381041827188525,41.462001154463955],[-7.942824097204958,41.45328790194452],[-7.937005427680939,41.44529781812902],[-7.941703878600409,41.4300028541244],[-7.964891641551308,41.413936350454065],[-7.963205936817037,41.40130506241035],[-7.973791402614195,41.3998516045712],[-7.973466384939041,41.39469337985171],[-7.967205814966238,41.38979940177822],[-7.981103271271183,41.36130252471992],[-7.987314123808221,41.35603875272759],[-7.988704548175028,41.34720365977293],[-8.00354267489712,41.341797907610356],[-8.00830357638933,41.33230424816948],[-8.018744694653801,41.32951547760363],[-8.020205939837812,41.324101948328234],[-8.029001126610009,41.319105296372626],[-8.038197429610928,41.320005141821305],[-8.04905447935473,41.33172276782577],[-8.068188838764424,41.341058909754416],[-8.076620620009084,41.33814519271443],[-8.080203541970315,41.33100469970373],[-8.089197255412955,41.329805005115745],[-8.093465578599043,41.33689948882779],[-8.114507781780857,41.345230346660614],[-8.119783587273343,41.34324340108424],[-8.130095534940441,41.34860304156304],[-8.131120503814223,41.35511734568635],[-8.137146923960806,41.35999050077557],[-8.14659355617768,41.36090405653169],[-8.141022189197948,41.37668351809764],[-8.158795452130432,41.381204324078574],[-8.165069323558177,41.39899644136408],[-8.179397533094253,41.39730506859302],[-8.186710720194238,41.40991075126184],[-8.21449546279859,41.411842521047404],[-8.223420713595974,41.40607838740918],[-8.222205245888775,41.39350423601179],[-8.244118300989065,41.391872679802056],[-8.274249609448615,41.36958526436007],[-8.278404285064278,41.34580345481685],[-8.28730096429322,41.34110537725991],[-8.30399781516088,41.34330397965126],[-8.316397216124114,41.35130470218779],[-8.328095267122462,41.365801210177395],[-8.329389375617167,41.376137365101336],[-8.34244865764786,41.37545768903147],[-8.357301679262008,41.36510418287616],[-8.375597272344043,41.36240545498239],[-8.380996855702573,41.36720173734451],[-8.394195407367388,41.36190681823493],[-8.394095415532915,41.37349752887261],[-8.389018947429523,41.38038837217719],[-8.401674238210187,41.38378202834826],[-8.417802124000652,41.36940306103048],[-8.43180128992267,41.362905841434646],[-8.440898097919714,41.362904263362914],[-8.454215262453468,41.375142145490884],[-8.499998599296523,41.368020061160834],[-8.514897368595399,41.35725849816703],[-8.514205140231098,41.34940143608646],[-8.518402012955935,41.34570436130461],[-8.537199438573488,41.34300513470471],[-8.549821804413822,41.34759003771904],[-8.55900076471219,41.34430412703334],[-8.597790785001653,41.34682627863413],[-8.603703692269267,41.338606194496826],[-8.610595805010869,41.34110398510185],[-8.623294448298337,41.382697993668565],[-8.61019782542939,41.3912942275651],[-8.59437781654395,41.39469647898067],[-8.603669970930817,41.41061689905725],[-8.622301232020943,41.409683353711394],[-8.634958159290065,41.41856159374172],[-8.650096789709975,41.41970458669753],[-8.657381524023618,41.43606247966589],[-8.668461343018112,41.44469277236449],[-8.683378661567628,41.44897107133476],[-8.701698078899245,41.44240601609405],[-8.709541816862952,41.45304410350792],[-8.729498083823831,41.4536050749665],[-8.745965310407232,41.46756413374363],[-8.776395888164824,41.47200351812246],[-8.777587385979938,41.48161992884836],[-8.791295162150602,41.50140065899693],[-8.78742393332539,41.51344928386559],[-8.793795336685399,41.52440109495237],[-8.792121399068051,41.54186807805385],[-8.81159450963985,41.61159787188502]]]}},{"type":"Feature","properties":{"name":"Bragança","key":"Bragança","concelhos":12},"geometry":{"type":"Polygon","coordinates":[[[-7.43189191129083,41.21080161169576],[-7.421712854396412,41.22077353046165],[-7.423095159627094,41.239298309688174],[-7.414267790966808,41.248330685640674],[-7.405826114832836,41.244517185208835],[-7.394699460965439,41.24666801652632],[-7.395194103870338,41.261997995648656],[-7.387551084778544,41.271383975278184],[-7.393394329246036,41.27870165711308],[-7.391395780030541,41.28579619082875],[-7.373607169864165,41.29293379109003],[-7.365931020069345,41.30397587177353],[-7.37539289219432,41.31450018703499],[-7.356097610437707,41.33129517014901],[-7.326312795104957,41.33962795742547],[-7.328411766046532,41.34430818034959],[-7.348097011312689,41.3516047253375],[-7.36159404293197,41.36480043278484],[-7.3544678165586035,41.375653474485276],[-7.361393813695529,41.38200174690576],[-7.359265132310877,41.38896554197435],[-7.3662946254993535,41.39700216106329],[-7.363451982300491,41.40781652755353],[-7.366894479208243,41.415199499644395],[-7.360122963509696,41.42480027138209],[-7.36529435448455,41.440397957174625],[-7.344599051603698,41.45269544731155],[-7.333421937239249,41.45201831434702],[-7.329396872073194,41.45959611559243],[-7.305471935624873,41.464131952452334],[-7.297396455676616,41.49919723518367],[-7.283997926998235,41.515595330349676],[-7.238333374407822,41.518908517916856],[-7.2303839635319695,41.52357530653905],[-7.2320809693642305,41.53055924047175],[-7.239995252250715,41.53530276097635],[-7.241078856183223,41.54236765815057],[-7.248595408128121,41.545903552787784],[-7.25008586927252,41.55450699764019],[-7.258395213120152,41.563202187176095],[-7.259095021654179,41.57219888275973],[-7.253778624795594,41.582483726550976],[-7.258694993964216,41.59140068781971],[-7.252196224433131,41.61249752651034],[-7.245232202262943,41.619418656705136],[-7.248195382968034,41.629699875812186],[-7.242896974961442,41.642198411026556],[-7.214039921080972,41.680529558213806],[-7.2088960179747685,41.711797364906765],[-7.196518328831789,41.71980154626554],[-7.19169633908143,41.733197197316144],[-7.176500147539174,41.737484325778546],[-7.172476860320218,41.74443287882615],[-7.1775950105582,41.75799964933988],[-7.172981112756443,41.76899744502485],[-7.182706124471136,41.778166047090316],[-7.189495029645548,41.77790542291046],[-7.194195654546414,41.78240506510965],[-7.194487406784557,41.79341318929337],[-7.208596228714087,41.8089037235561],[-7.206642801667397,41.82071715187536],[-7.213593687266448,41.8272007024914],[-7.20595024995589,41.83715757842128],[-7.206894599551472,41.84589786910254],[-7.196620010155727,41.86550865387559],[-7.203593433251253,41.874900018978884],[-7.190298925370899,41.88841629890001],[-7.177742716248238,41.917072344543215],[-7.177278080059569,41.92619429830231],[-7.189492831979506,41.94159888769248],[-7.183337024291026,41.95239272812207],[-7.187794924623136,41.956804349992844],[-7.1853954832219395,41.972297820825624],[-7.17819820074012,41.980094486640894],[-7.159117447210653,41.97684584525983],[-7.15189635183554,41.98659565118849],[-7.141499834922812,41.990794682391176],[-7.1190011866030565,41.98659528489884],[-7.087503502158639,41.973496470572854],[-7.08071885690671,41.95770500684039],[-7.070404568958298,41.9496855513909],[-7.051647326680944,41.949585700157876],[-7.043099792696886,41.954994024370386],[-7.035763543733926,41.95111030364936],[-7.00737145534759,41.9507798893845],[-6.998796303751012,41.962796193383134],[-6.9793993440741495,41.973795550650166],[-6.9578027943590275,41.96889626649108],[-6.943546914403439,41.94531980278462],[-6.885831799405342,41.9404364968335],[-6.869499546325813,41.9484951945055],[-6.848892997942119,41.94248914116818],[-6.821911493632756,41.94643476567683],[-6.810179937634038,41.969326531871985],[-6.811295348800713,41.99249410376849],[-6.76870407503747,41.984096047855765],[-6.767211939111657,41.97438552146986],[-6.749860425638776,41.94362173750304],[-6.699773484656448,41.93335650109561],[-6.635800073329347,41.942094930210324],[-6.621476728991654,41.940026528118466],[-6.60979832040573,41.94809498344059],[-6.5994573829051575,41.949034654439444],[-6.588297875924972,41.967594083393635],[-6.584892042827165,41.966334187335804],[-6.546504650988999,41.93949909662879],[-6.54880408278548,41.92340138353963],[-6.568091899693764,41.88415718259399],[-6.517602736634499,41.87509588144838],[-6.515505755833756,41.87170048454846],[-6.524502024228922,41.86118095892484],[-6.522405883886325,41.85410109336725],[-6.531432496448349,41.83571294744577],[-6.527411969237616,41.82080058291128],[-6.533122784041537,41.8180178407485],[-6.539106616060843,41.801300979887756],[-6.545612034972522,41.79532881939283],[-6.543613385306853,41.7785008994287],[-6.550214901123237,41.775775589766134],[-6.555204817813165,41.7575026878975],[-6.567331651789298,41.74616099307816],[-6.556005120376388,41.737497023754024],[-6.555593531154156,41.72767898791994],[-6.548910755904978,41.72549769010298],[-6.551376895875388,41.72074026354042],[-6.542712363986343,41.70060484578623],[-6.551798016057369,41.70024217449546],[-6.553033934348347,41.69349746390967],[-6.542450368553798,41.681200396904096],[-6.527702623419836,41.675295742543796],[-6.512392977976725,41.661201172515824],[-6.4993832665030435,41.657239529990306],[-6.458797673352311,41.66636921940863],[-6.452396489346411,41.680896976001186],[-6.444999871310625,41.68479423514088],[-6.43574805647454,41.68071961736971],[-6.406000794251769,41.680892960076704],[-6.378605554103308,41.674471111065415],[-6.354700475022833,41.67639403394801],[-6.342109188955031,41.67326794001959],[-6.282928820649448,41.652351548091204],[-6.254502657807272,41.63299726756632],[-6.235688768852319,41.60724709059442],[-6.201502968376148,41.59459634573858],[-6.189206597004174,41.5748013568387],[-6.211273892251868,41.559293634487744],[-6.217504220111806,41.542802524715725],[-6.2369027984339125,41.5214042231844],[-6.255186433723449,41.51450030646224],[-6.251006993555235,41.50020373700871],[-6.266162021768597,41.49700246807116],[-6.261809957110728,41.48680495468788],[-6.269275253680585,41.486770017275134],[-6.283609748279421,41.478722941624554],[-6.285904668193437,41.46650257437287],[-6.303571389852801,41.4505346418231],[-6.294905522068449,41.43629980947896],[-6.300005064518731,41.42870432098967],[-6.310002096770226,41.41940420649853],[-6.32646322712172,41.4164003506213],[-6.332260936704589,41.411183678931195],[-6.331645886350923,41.40500349056998],[-6.317205207253488,41.39709702768351],[-6.317704317764213,41.38570516810737],[-6.32631654092079,41.386619078927446],[-6.352499208372028,41.378305440797206],[-6.368459436231202,41.39200771794179],[-6.387193321330134,41.38591195496713],[-6.392559905125362,41.36975478071982],[-6.385566556903206,41.363537977504784],[-6.3779037051601195,41.363694836909325],[-6.376805251232687,41.359302142884694],[-6.392101208171748,41.34990438910154],[-6.406859006230902,41.34993922307841],[-6.4220748777320305,41.34258835100956],[-6.425586848228467,41.33334328675422],[-6.4181091932290775,41.326201428230824],[-6.433982208458656,41.31975986734071],[-6.438852733988914,41.311922366437834],[-6.43720574472242,41.30590191311893],[-6.45929595443688,41.297716917977745],[-6.469727153604089,41.30068464863411],[-6.487439529250721,41.29068241308446],[-6.489297014961465,41.28340422737525],[-6.478408888133419,41.27580035711906],[-6.496301361341884,41.26620437254069],[-6.511497521601298,41.264504870439296],[-6.516706536789312,41.27331699234177],[-6.522757518842159,41.27474553837306],[-6.546741735336531,41.25796676766645],[-6.551603784291366,41.24560387952188],[-6.571300395022084,41.239004528629096],[-6.58459624227774,41.241003883472196],[-6.5899196698948925,41.25388628759277],[-6.599800914984814,41.24350634568466],[-6.6076819415373915,41.248940438560496],[-6.6287000938240395,41.242804354442],[-6.6477986737410335,41.246320158960245],[-6.652903481532731,41.2354042081274],[-6.661216396745242,41.23337589922322],[-6.690185748880415,41.21056545416121],[-6.68894636069444,41.19970864216096],[-6.709103870601601,41.17270281493205],[-6.730715508097836,41.161573829442375],[-6.752702223403548,41.14060335152345],[-6.768315061515108,41.13338331485068],[-6.770000302879831,41.12316813785279],[-6.754205745702623,41.104099885818414],[-6.790804384548088,41.056504751450234],[-6.808050101219953,41.04509965209974],[-6.80890466669441,41.03650335891267],[-6.833715953188994,41.02852700299149],[-6.8684995446278165,41.02690462298267],[-6.9147990754922475,41.038194347449895],[-6.9369007603866315,41.02910475901283],[-6.958098398584991,41.03090529347423],[-6.968659152410198,41.035687632918744],[-6.985800892811921,41.02510467561087],[-6.994595488928386,41.02680378359953],[-6.995936247029206,41.03349154289901],[-7.010738551618577,41.04076848524972],[-7.026799671415526,41.03820422177177],[-7.0434978063999125,41.04430453490042],[-7.05049588398925,41.04860252681959],[-7.051502167375364,41.05704267086403],[-7.058051762839329,41.062850115239016],[-7.1022962539533685,41.080903473302335],[-7.105595804859512,41.09120016225168],[-7.102395780970449,41.104697835859646],[-7.084857703179039,41.127042798273074],[-7.096336339405575,41.13484384625112],[-7.12329901686891,41.13430455108565],[-7.130094096094513,41.137602578460864],[-7.127995608453923,41.144496210567056],[-7.114773358714264,41.152000646847306],[-7.112954512030178,41.17412300909598],[-7.116404738970404,41.178398342281845],[-7.125336298251132,41.176040718130764],[-7.132403855314212,41.16030416215258],[-7.1509807558882965,41.15332217369928],[-7.158645395513384,41.14297247984319],[-7.1638035099669155,41.126104779773236],[-7.191298824828591,41.1264045719794],[-7.209049928029469,41.13584132813819],[-7.22369916067994,41.13640475635037],[-7.249694038745147,41.14490409564788],[-7.268488962547233,41.142308559743675],[-7.282900748223263,41.13550568920686],[-7.3047969215000315,41.13960457878939],[-7.310421450397098,41.1461167983635],[-7.339100134931729,41.14380407221957],[-7.357096842999658,41.14770411758157],[-7.362415984465893,41.15692940721772],[-7.374594462532615,41.15850415539132],[-7.373280975277702,41.168805313968136],[-7.382496332517969,41.1780026305587],[-7.390720520125685,41.19506231207177],[-7.43189191129083,41.21080161169576]]]}},{"type":"Feature","properties":{"name":"Castelo Branco","key":"Castelo Branco","concelhos":11},"geometry":{"type":"Polygon","coordinates":[[[-8.293092941703177,39.807700113803115],[-8.280798009418215,39.819794891506156],[-8.271411596074392,39.82168609329708],[-8.276393611372995,39.841196104810955],[-8.235033907854337,39.84656615622818],[-8.22739843441316,39.85599460535983],[-8.212225140157143,39.85083694338692],[-8.198915338866135,39.85768261595172],[-8.199494053569708,39.86579755901368],[-8.18857004331118,39.871777421126254],[-8.186197836591708,39.88129463355418],[-8.169909620869065,39.87615952854956],[-8.164996700620495,39.88209566526618],[-8.148642396478339,39.88586851200116],[-8.141976996946935,39.89257692390494],[-8.141395615239093,39.901598894295645],[-8.129395988319652,39.92449633269316],[-8.119915037349955,39.93117093108999],[-8.117596679305908,39.94669602098838],[-8.11290037155492,39.94839432990987],[-8.098418860701049,39.941364015368094],[-8.08456292587326,39.9456667139687],[-8.088094979746872,39.95470139951868],[-8.086296549379089,39.96519309534421],[-8.07668616055833,39.9569707333585],[-8.06530393628253,39.954810578372154],[-8.056398224703248,39.96969272942278],[-8.04876620745015,39.96341654806925],[-8.031899170770874,39.96246635742376],[-8.036494491427627,39.97689986379528],[-8.03159912401613,39.98459295573052],[-8.01541347644288,39.971349457660445],[-8.007418573374496,39.97553988290261],[-8.013888914534553,39.98928754233892],[-7.995422193910939,39.97821081632475],[-7.989498206993706,39.98889567448294],[-7.977301877142669,39.98909476099536],[-7.9656752397555035,39.98249624382394],[-7.955148076597313,39.992071715327384],[-7.952796145118933,40.00249472188907],[-7.9186822559710635,39.998879955396276],[-7.914694526181003,40.007393345792494],[-7.908356710214456,40.00584560081652],[-7.905315632287829,40.009429199151405],[-7.915894373806356,40.032798596431874],[-7.903098752304292,40.04249559005479],[-7.891625193973054,40.04155508742356],[-7.870868151399219,40.05006481174636],[-7.85979911706298,40.05909499357048],[-7.837696593021908,40.05109509598561],[-7.824902177162607,40.05059523691728],[-7.81437350428432,40.0392965093622],[-7.809699357353475,40.03925107993421],[-7.806549483136544,40.043918105889034],[-7.809094646809753,40.052297921807295],[-7.800994224012218,40.06113400449823],[-7.807627202374686,40.07271324830335],[-7.817088691105866,40.076997401538016],[-7.806672066501082,40.078979914851935],[-7.7998978452848915,40.08779491362734],[-7.787394901035427,40.08601355729078],[-7.789041259613743,40.078694964441866],[-7.7767229406535145,40.07004766402597],[-7.743899763178417,40.09171778821962],[-7.744135647914716,40.097100643856436],[-7.751684875001557,40.09989978898742],[-7.732792083150688,40.107401054762235],[-7.736805996184003,40.12418711682142],[-7.773896071104102,40.14500266354974],[-7.777467870203433,40.15720839955306],[-7.790798699920517,40.15830395231021],[-7.799195927029983,40.16390254036056],[-7.801105656027499,40.17571685422565],[-7.808993941780426,40.181801088658844],[-7.79569707389985,40.20159700957816],[-7.784538591168009,40.20880562269978],[-7.782395852499731,40.22989767717039],[-7.770198976655534,40.23719558373579],[-7.734301769080043,40.237079986966826],[-7.709797004816517,40.26089539918962],[-7.684698943081012,40.2705963463625],[-7.6553986877283995,40.27407503143142],[-7.619870476861187,40.29897736694784],[-7.618995496524359,40.30979859008247],[-7.608797976125483,40.323595386816216],[-7.5884024406138275,40.32139586071571],[-7.5808478480011345,40.313085314694796],[-7.570198665399918,40.32009569129691],[-7.537630436189127,40.31853241133035],[-7.518034053469558,40.3437225886889],[-7.516495381038898,40.36649833655472],[-7.509294975524421,40.37619526287433],[-7.487097290259221,40.39479482858619],[-7.461601452512899,40.40179476567947],[-7.44730662037982,40.3874480848141],[-7.425600650915217,40.391995391240116],[-7.406354616091311,40.38117577216041],[-7.394500580640474,40.38071153885172],[-7.380907111907121,40.3825214089158],[-7.360699441479904,40.39239490190817],[-7.346261932227223,40.388793652572964],[-7.342395536390712,40.40019704297275],[-7.322299961105283,40.41349463896955],[-7.307388515805233,40.40452863378473],[-7.292798933563446,40.41609464786233],[-7.27040494624076,40.40809647805481],[-7.270205447991992,40.38760110345921],[-7.2768933594364835,40.37149667459273],[-7.273304855658519,40.348798936468924],[-7.275803812935108,40.339401921456215],[-7.306702663116064,40.304103782335595],[-7.329328843724426,40.29323248358068],[-7.319362358447606,40.28095550625628],[-7.298323435702118,40.2716623400316],[-7.285201111160716,40.2722951513798],[-7.273114322006326,40.265788591834756],[-7.257700893159707,40.26749507290599],[-7.240149086476274,40.25945260756338],[-7.2281610227308315,40.27028399439136],[-7.226795590427943,40.27659731830214],[-7.212599024049819,40.28599504841721],[-7.191901586182795,40.28189622808359],[-7.182094862914249,40.27474016189655],[-7.173602208699228,40.27549517613365],[-7.168202345589109,40.26837373056999],[-7.1612245026403984,40.268774869251686],[-7.136319005642629,40.28291732346859],[-7.131193340481741,40.30999984883981],[-7.117398026399011,40.323995370280784],[-7.109994229054831,40.3240987436126],[-7.098105364359447,40.315197652775325],[-7.098409778606428,40.30668371023362],[-7.0868063269965145,40.29080092250962],[-7.091115386279846,40.284019917230914],[-7.083665838089398,40.278607311129626],[-7.030926798428309,40.27838031024766],[-7.0228167079138855,40.283103794206475],[-7.022894724462441,40.29009556276026],[-7.013901803908625,40.29009450301361],[-6.982547404569118,40.272591852734756],[-6.961602345112416,40.26799574506234],[-6.951405457257129,40.257599382145386],[-6.963303248845561,40.23820466954289],[-6.971899071598508,40.23650552578277],[-6.980736880415471,40.240235935964684],[-6.998670135740058,40.23505572423869],[-7.012810040125097,40.22466857408607],[-7.018903916503125,40.197302649212],[-7.029322978670835,40.18614168421238],[-7.0165067113794946,40.17649824339403],[-7.02109674634893,40.168130587594696],[-7.014404543460519,40.158198350822865],[-7.018575775669389,40.14239056731898],[-7.008361581152076,40.1248470261311],[-6.991423323962844,40.11772143495427],[-6.962303131802214,40.11709438242114],[-6.947762572869087,40.11056618575131],[-6.941006195550707,40.11259290678359],[-6.941198303307868,40.10536802207284],[-6.933803324984266,40.10359546582856],[-6.918804004867928,40.08269817390065],[-6.916760441548383,40.06807223261026],[-6.892307745016686,40.060296127491654],[-6.8952427348921175,40.05139115620218],[-6.880905316699971,40.0416977130445],[-6.8821212752493555,40.033706197112416],[-6.874305653989756,40.02379934955357],[-6.875172673811915,40.01804611423227],[-6.863810733840962,40.012000056352775],[-6.873170834262234,40.00708964094835],[-6.873904661371254,39.99490169682302],[-6.88519243066212,39.98076703242897],[-6.8796058909554985,39.971799816883106],[-6.887497003217727,39.96150816480439],[-6.885004688659389,39.94070234639133],[-6.90424961440394,39.92475037710056],[-6.90510879850046,39.91635167617008],[-6.899505740264319,39.910699077069374],[-6.899405594121089,39.90090006295343],[-6.904849164683393,39.89124604449141],[-6.902005382384712,39.88659796160757],[-6.90360525465277,39.87070232343427],[-6.914303199498366,39.85880500084307],[-6.929165555652009,39.85375351836419],[-6.934903546697015,39.838603405837326],[-6.9452297679634905,39.83431842284984],[-6.948403338970107,39.827503353010385],[-6.970669994632406,39.82447398378828],[-6.980952427627761,39.81855310076392],[-6.987299710145962,39.80813315179323],[-6.988960490391035,39.79535090695205],[-6.9835045402402,39.79069643243875],[-6.9768056924074076,39.77230146187794],[-6.98689408989484,39.76285307811308],[-6.9939,39.73936181089639],[-6.993385170545146,39.73188998256983],[-6.987307069574163,39.727598977141646],[-6.999754866658939,39.71366434803884],[-7.007304913419758,39.68480249631903],[-7.015503906001438,39.670403901243056],[-7.065000158699288,39.65810423575673],[-7.089402307027901,39.6633796586325],[-7.122419931627831,39.66377824215555],[-7.1513005329209145,39.65310591103997],[-7.201274136243253,39.6621329915312],[-7.215699877294657,39.65990446288933],[-7.257233939925791,39.665614960367044],[-7.2870925896867345,39.66038649217313],[-7.333700244433737,39.64080473710566],[-7.375203125330568,39.65072140175524],[-7.4029998048053605,39.64640414729292],[-7.455505079577303,39.662371373283236],[-7.5339036895209475,39.66692825027426],[-7.551600996227643,39.65760421683995],[-7.579669304291018,39.65847930819155],[-7.593633800680487,39.650895266136175],[-7.596404030415764,39.639803318576675],[-7.637100518037119,39.62280436393653],[-7.648298040264451,39.62460389763546],[-7.673526914121054,39.64814427138151],[-7.702070062981985,39.63706164686127],[-7.714523487160031,39.626358314755535],[-7.712704687073815,39.60850087005606],[-7.722302663698373,39.5933040671406],[-7.754515044491801,39.58806499629667],[-7.769802874790536,39.564303368942994],[-7.7822772768644475,39.55931262287934],[-7.797802431803614,39.544704360899935],[-7.825097641958344,39.537405317305144],[-7.828793548137668,39.544597544195376],[-7.824213435412539,39.54770260270291],[-7.821896128978157,39.55929697732212],[-7.811241309559506,39.56433899809689],[-7.809782336125078,39.56872072153362],[-7.816695592846149,39.572004091475044],[-7.822156733517205,39.58632014880888],[-7.837194410872765,39.595403131957305],[-7.841515590333659,39.60661738755429],[-7.8479952191053695,39.60760494110383],[-7.849207527773128,39.62235131525575],[-7.861393007326422,39.624203969732775],[-7.859997262667871,39.62897619589912],[-7.8642732514572256,39.63574946290104],[-7.8714980356242465,39.63600553281968],[-7.876469269571813,39.6423521746458],[-7.892097039298176,39.6434047983509],[-7.89492031275349,39.653118885718655],[-7.911992606230413,39.66170313043031],[-7.914679629130164,39.66820223220581],[-7.92474990831485,39.66749525768388],[-7.926505665074683,39.66110747076846],[-7.931713015246045,39.662361960784835],[-7.935700203564768,39.65830718275948],[-7.9401228695055925,39.6619793891034],[-7.9576946168147344,39.66140502013424],[-7.950653702693019,39.68774750640679],[-7.9575587427766585,39.739159434255825],[-7.966526668570215,39.74455674556277],[-7.990400026960361,39.728505198675826],[-7.99999476472912,39.733502778139744],[-8.000044973812939,39.73886539542469],[-8.005387141337224,39.7430142193496],[-8.023499901737843,39.74020436238101],[-8.038764980591132,39.74545701530379],[-8.052867497482199,39.73437754072132],[-8.0503048078485,39.718500490192746],[-8.062199577294725,39.692490821233164],[-8.058005069512653,39.67190120378466],[-8.060802417956184,39.668405218691376],[-8.071594692272072,39.667868280404434],[-8.077938614164136,39.65703508712046],[-8.066005571636973,39.63999920191999],[-8.06683365877943,39.63326005292812],[-8.053610796676358,39.61650711662661],[-8.069490572330675,39.62059875274473],[-8.090900549613957,39.61280436689714],[-8.113898083280478,39.61525813665888],[-8.134599588599336,39.61130455147435],[-8.150696388421448,39.61760373560847],[-8.154943330012031,39.623972703028834],[-8.174598713071044,39.624604688552964],[-8.1899244626972,39.633124925922814],[-8.218597940166402,39.63660517367284],[-8.230718903230208,39.645256080708776],[-8.237391016490303,39.64181293817798],[-8.229171336649813,39.66459867781251],[-8.232394907865729,39.68279967696861],[-8.226664596467376,39.701038177685135],[-8.237594178434565,39.706203838304525],[-8.232762242526382,39.72481571261384],[-8.236994480145897,39.73529821292165],[-8.228282619608317,39.74329446317703],[-8.22897837920059,39.75387554772805],[-8.242770511117172,39.777193791486035],[-8.26519817653423,39.76870607542516],[-8.269258893167706,39.77362043832924],[-8.27447152959528,39.772961414298976],[-8.284294072635273,39.78140127027195],[-8.281434136496443,39.78821975540801],[-8.283920015190281,39.79861757546824],[-8.293092941703177,39.807700113803115]]]}},{"type":"Feature","properties":{"name":"Coimbra","key":"Coimbra","concelhos":17},"geometry":{"type":"Polygon","coordinates":[[[-8.909194711215628,40.186399693986814],[-8.876747876879293,40.25242748802638],[-8.846350977977254,40.326775312881864],[-8.783997300222019,40.52039284456604],[-8.766786898522579,40.5100069297481],[-8.682118206828521,40.438079308392254],[-8.649266019414435,40.424455286797844],[-8.634913539662692,40.42718105693525],[-8.63122651200785,40.43500236883231],[-8.63159494760088,40.465798489806254],[-8.620596372095397,40.482095841113136],[-8.614100261581802,40.48529435986922],[-8.606010902053859,40.480674001098286],[-8.583902928497203,40.47899507226573],[-8.574805236742653,40.46489770425846],[-8.571105289759526,40.45060130925892],[-8.578173488078804,40.442169616844545],[-8.57974677610939,40.42122953602718],[-8.571933804484905,40.401516407740175],[-8.542422714649712,40.40639478167484],[-8.532897276844071,40.414094939911486],[-8.504806053367558,40.422193573244314],[-8.507903768083104,40.40806937827853],[-8.505492542518535,40.40183846939967],[-8.481705501229023,40.38669825829743],[-8.481006496501983,40.37579943824263],[-8.48641179574666,40.368447221693906],[-8.48330578997047,40.362799469742534],[-8.491470443642546,40.34578499858478],[-8.485904011387689,40.331999040994724],[-8.485005080239825,40.31530428867871],[-8.52665575244077,40.31413857297217],[-8.525294479338836,40.29384564326976],[-8.508163706679438,40.28945423469935],[-8.488200076009676,40.292194485433676],[-8.4685945517835,40.28881631858192],[-8.4651345172823,40.28137805604664],[-8.456540193887248,40.27955899424604],[-8.447469538346347,40.28993988615138],[-8.448894885518882,40.31729651688214],[-8.429399142670988,40.323694806903866],[-8.410734563720853,40.324816494797474],[-8.402012876773487,40.341392537199546],[-8.40559141184773,40.35119187265299],[-8.37572675580139,40.341523968620656],[-8.359986248216407,40.346687994482195],[-8.356195333930064,40.367196111635266],[-8.34450137333077,40.370394920733474],[-8.330546921746455,40.35687048322828],[-8.32030023294287,40.36199438635033],[-8.298602272601322,40.357595743952025],[-8.276774750475369,40.336098661385655],[-8.263401801195348,40.33379598517206],[-8.250499932598634,40.32383181790974],[-8.23473259126227,40.32468821792507],[-8.231795786110974,40.3314968054102],[-8.210599518548321,40.34129550476179],[-8.199626435683891,40.33902739504915],[-8.190901134760427,40.34309446674759],[-8.182983937214683,40.335585229509164],[-8.170799146453717,40.345094365330304],[-8.155020369313355,40.337932707178524],[-8.136041229768125,40.33665469196541],[-8.133094535266327,40.342394159018745],[-8.116046125075789,40.33966682837311],[-8.0891980782013,40.36059579773322],[-8.074860521943727,40.363652605517636],[-8.067197843318448,40.373694838713945],[-8.056173335563088,40.372672419973014],[-8.039498140007145,40.38659584652061],[-8.003734714767477,40.391692555260605],[-7.988397485196469,40.40159423172395],[-7.97378706754811,40.40539719056045],[-7.952799005429348,40.42379468306773],[-7.93073982351226,40.429064649447554],[-7.918401040734607,40.44045862263268],[-7.917495461434415,40.4465970721259],[-7.904973410574429,40.45289442545235],[-7.90159671443875,40.460096393929106],[-7.8940750785927,40.462447930032866],[-7.884197488006437,40.47309627313235],[-7.867695078274057,40.4793508078185],[-7.8624965210035365,40.48679633739299],[-7.846799797188436,40.495595188253176],[-7.840719026697893,40.49358134736944],[-7.830403296662531,40.49849340659516],[-7.826719777568697,40.4814397370053],[-7.796906262827157,40.45739925724292],[-7.810902222668951,40.4393050723405],[-7.826235109877468,40.440342995088166],[-7.84618761552036,40.42986659790504],[-7.845207917230705,40.4150284538762],[-7.826855609740637,40.403381756918556],[-7.797204501656192,40.40499501450901],[-7.796406346056677,40.364401004937356],[-7.804169068088049,40.35782540092314],[-7.804344285917672,40.350624898540325],[-7.786402391228577,40.34589579406381],[-7.778367486775436,40.3373835842032],[-7.760202733172605,40.33589547141855],[-7.758205168873025,40.33179992837475],[-7.7651027937421695,40.3166049977758],[-7.779534778223401,40.31807759270445],[-7.793201613829508,40.30900427244094],[-7.804148685140195,40.30671098029408],[-7.808903678620012,40.29100219942134],[-7.817881252930614,40.28206130569943],[-7.818304620149631,40.269403127993584],[-7.824167146115917,40.26542431135736],[-7.820477382120057,40.25697139349631],[-7.803802032099111,40.256295733515245],[-7.782904574721433,40.23169847190825],[-7.784304584812617,40.208202828364364],[-7.795999600765747,40.201124359870825],[-7.807370696528202,40.18170257946405],[-7.800803989904295,40.17589745079952],[-7.797138531111311,40.16221290357236],[-7.776103798713472,40.157595692882275],[-7.772871106008488,40.14452488289323],[-7.7364039761337136,40.12439705601573],[-7.73230513993933,40.10480321240695],[-7.741362692041431,40.10219732115064],[-7.743004541145962,40.0921027542574],[-7.773534210243378,40.07199640077424],[-7.773706792883171,40.06391218308171],[-7.791050332094812,40.08006461573194],[-7.791491755545639,40.0859488916841],[-7.800792855199686,40.08643675258199],[-7.804013228661886,40.07860451467144],[-7.796519032190975,40.07709162988347],[-7.8049533301166125,40.06884515264366],[-7.799606256549707,40.05950113960073],[-7.807400238371822,40.05177866082501],[-7.800811247269231,40.04769534122855],[-7.808304685015613,40.03570995020007],[-7.825145030824708,40.05057002203993],[-7.861645859986051,40.058362442980865],[-7.870789847490123,40.05006295387848],[-7.891800716727717,40.041405024276564],[-7.903177751551723,40.0421918945088],[-7.914137115447958,40.0339182830833],[-7.902007679394736,40.002907182725444],[-7.910847203430124,40.00528362961028],[-7.91940083285414,39.998504787873514],[-7.951062373964818,40.00179873172187],[-7.954804768306396,39.99210293298189],[-7.963149113421773,39.985088862876694],[-7.963304536392956,39.977209351352855],[-7.978395933089365,39.98906083848319],[-7.990636077279559,39.98779942513543],[-7.990006413984989,39.97850421717173],[-8.004037656839476,39.98079133608656],[-8.005206704264845,39.9727034757938],[-8.017202154159238,39.971112938293],[-8.032080757623296,39.982165171232275],[-8.035835647968916,39.97707507199775],[-8.029905335532405,39.96500037587453],[-8.033302086551428,39.96050535305649],[-8.055322224080367,39.966899596050844],[-8.065900280347888,39.954605246937916],[-8.07919473912586,39.95730378028375],[-8.084167301088721,39.96304674068966],[-8.08784851856517,39.955605127339794],[-8.082306521800453,39.94770041450469],[-8.087801896742757,39.942503913592454],[-8.098999248982382,39.94120447446091],[-8.11461868434617,39.947727957506096],[-8.119913149375385,39.94245926631424],[-8.118705701012866,39.934105668342575],[-8.132095524482478,39.93670401445331],[-8.132394869422255,39.940297070659994],[-8.12374135094249,39.94481644129775],[-8.120796266850519,39.952195800965455],[-8.112247878164183,39.95514081942811],[-8.108601098935484,39.96223427143159],[-8.110998780471874,39.97207949948638],[-8.127477935372559,39.99109672271854],[-8.137295811839044,39.996303798124906],[-8.144137798849622,40.01329217567409],[-8.155994833236909,40.02190222990796],[-8.143715771677066,40.07067545064913],[-8.179027882911377,40.08835189121756],[-8.20500187275143,40.0630068110523],[-8.208902522720825,40.052507000288735],[-8.231254035959713,40.066140568434356],[-8.238802119243068,40.06665850149412],[-8.24950278407689,40.05460430489553],[-8.271756246602191,40.04858573386099],[-8.297699458155153,40.01091631571761],[-8.283032696173407,39.99258300921416],[-8.270607077811883,39.98909733229349],[-8.274428158922916,39.9796117940285],[-8.27210775923054,39.97539995658037],[-8.279579135824372,39.9687310137793],[-8.279305042365408,39.959607952993444],[-8.307596569587057,39.974703187932],[-8.312306842854316,39.98491855926287],[-8.316863037027007,39.98602668436557],[-8.319904418563448,39.97130648317161],[-8.32632115758888,39.971103852986474],[-8.32640549576113,39.9639020367031],[-8.354978803225656,39.94364430493015],[-8.359203417541774,39.93570437657173],[-8.371530068007193,39.93259480200065],[-8.372205336786955,39.924005466003344],[-8.407295361523364,39.92970378881354],[-8.407095185173894,39.934695939854066],[-8.393684594979499,39.93854388264966],[-8.392495469656025,39.94969591738672],[-8.382844954717589,39.951291747324994],[-8.380606840655018,39.95553520559954],[-8.394456514689015,39.974420714734045],[-8.402593974775737,39.97860240654937],[-8.399217708683688,39.98881780850565],[-8.405891788092255,40.00694406640328],[-8.425930333696796,40.02517578593738],[-8.435728138611053,40.01509270982516],[-8.430674814587658,40.007907443363784],[-8.424815453343601,40.006797609654804],[-8.433405146749617,40.00304143015534],[-8.456266867200307,40.014937053143676],[-8.45950491426404,40.00650295179077],[-8.485910728765347,39.99278095084692],[-8.490602491012607,39.98610429256428],[-8.520713501403353,39.984081186808375],[-8.524704353137317,39.962802112634954],[-8.538800001066917,39.94880642088502],[-8.551695473791758,39.9616019336064],[-8.551895844906733,39.972598772112995],[-8.546058266092206,39.98237792355574],[-8.556306177013232,40.025264851005176],[-8.591759679421868,40.027189675351636],[-8.599075009097387,40.02124265101707],[-8.615002989612835,39.992304683044416],[-8.64289600007859,39.99040498995297],[-8.643502189297259,40.01069410405356],[-8.666397186831993,40.01640415205499],[-8.676599500065494,40.02950855873871],[-8.702991699941052,40.027514709546864],[-8.762692780932982,40.04109464893804],[-8.783074706650682,40.03702734881415],[-8.794731325503324,40.02585224270235],[-8.800502392971074,40.012605816826124],[-8.838526709133498,40.02794703228784],[-8.847501219988752,40.02360416120669],[-8.868592524999624,40.023404322439056],[-8.870920537465297,40.034750138569436],[-8.894894243800287,40.045502327106725],[-8.869317844603223,40.10820535051052],[-8.863722859111157,40.138053314890534],[-8.875290275255846,40.14559891398988],[-8.872183256961666,40.1497942282501],[-8.875854578249058,40.16208508045757],[-8.906495594540838,40.17880377977108],[-8.909194711215628,40.186399693986814]]]}},{"type":"Feature","properties":{"name":"Faro","key":"Faro","concelhos":16},"geometry":{"type":"Polygon","coordinates":[[[-8.996991152198163,37.02250110693172],[-8.981238583672514,37.04254229466086],[-8.984291532304537,37.04939720863505],[-8.963245968898631,37.071421482469255],[-8.963794518831062,37.08149923883725],[-8.95849615724366,37.09409599417595],[-8.94820853905853,37.0980843482644],[-8.938435571634814,37.10808240662849],[-8.904072303087958,37.16614285727269],[-8.913694692701855,37.18320000508831],[-8.911129404840251,37.19006126090779],[-8.91818957648468,37.1963970533097],[-8.904458523081953,37.198317000456484],[-8.896020555904416,37.206116929541764],[-8.870411712536447,37.24570628461659],[-8.860960695042742,37.26735487607842],[-8.867695054607367,37.28360067260309],[-8.866796402616323,37.29234483401869],[-8.876791393324506,37.29590288898707],[-8.87414778046213,37.30066769153015],[-8.877994823343172,37.320995981444945],[-8.87107760533457,37.322951902973664],[-8.846773512633433,37.35193211005513],[-8.808880451244953,37.41319335265446],[-8.80899508709628,37.42979895065952],[-8.80509661609911,37.437696131903],[-8.796501065656882,37.44059429772825],[-8.78820033229846,37.43435113100824],[-8.768701084274525,37.436595652695544],[-8.758206332926344,37.429566758956106],[-8.74970690295101,37.43189299668212],[-8.750154284098121,37.42578137125278],[-8.744208498565,37.4239956483072],[-8.745981866363035,37.41745649858197],[-8.736305719305665,37.41009913115888],[-8.738097792810231,37.40227821333045],[-8.734797893389299,37.39808215269761],[-8.72830012067163,37.401892547096224],[-8.688836016808757,37.39627662115118],[-8.677000535440152,37.402692389498625],[-8.673312390719152,37.39940957393597],[-8.66390102382672,37.400694844427484],[-8.654129870717759,37.38540816719931],[-8.646306917964782,37.383496225783176],[-8.64202355241572,37.37650385385509],[-8.620897479471084,37.40109526428618],[-8.589822998879347,37.40246679279436],[-8.573199556700521,37.41199468554759],[-8.51671735044337,37.37974793071659],[-8.505798342137997,37.385894505217586],[-8.481202024398028,37.38410743497637],[-8.45619018889073,37.37450858929206],[-8.44689818966039,37.38639419782067],[-8.441797662402585,37.38829373314848],[-8.430770135967249,37.3841776593967],[-8.42422088575033,37.389661822278235],[-8.425094679903381,37.410194436239756],[-8.419761525499805,37.411667236366085],[-8.41849591499802,37.41899551095947],[-8.409997580129076,37.41926486311301],[-8.40679616420051,37.42429618576997],[-8.394396248599747,37.427475360358464],[-8.372370000349317,37.42652994871727],[-8.366697590405614,37.43179555271741],[-8.357395278674666,37.43278986397078],[-8.355265170824934,37.428340686175474],[-8.34453153584314,37.42608177005371],[-8.336400337579171,37.43339228441397],[-8.327643848329869,37.4249352342388],[-8.321656103254352,37.42925416762317],[-8.319696530586976,37.439193117734526],[-8.309663307668995,37.43243358685903],[-8.285801034502136,37.431394949814035],[-8.277904710210574,37.42549776346424],[-8.277429023850774,37.41393669784443],[-8.264610982802843,37.407999738596],[-8.275258756422229,37.4019792505742],[-8.274135391713104,37.38774933198585],[-8.248603179049727,37.384795888702506],[-8.244997494551823,37.377064996367885],[-8.231536275428498,37.368194713285945],[-8.226001164182234,37.36879455124655],[-8.208231364034516,37.35492452915042],[-8.199107808700413,37.35429565216722],[-8.198688905519846,37.34929615462765],[-8.188502644628013,37.342121605611936],[-8.148030141725979,37.33181323307369],[-8.122800392715448,37.33169587543441],[-8.103793716442157,37.32637944523625],[-8.082901156469402,37.32879427793521],[-8.067369251339947,37.32076271278695],[-8.048029159958343,37.330451034959935],[-8.04869033383214,37.33729457385454],[-8.03870753388656,37.341676500959586],[-8.03799260732218,37.346897084116094],[-8.029478887533502,37.349249397412],[-8.02799548841453,37.35439420059804],[-8.020956692201771,37.353428162886324],[-8.015098021184222,37.36069637997778],[-8.000268994435492,37.36377937972844],[-8.000941190851155,37.37456538703651],[-8.006688846941323,37.37710279356496],[-8.002413029270306,37.38168914697314],[-8.004861120520358,37.38619331075114],[-7.999896926217094,37.39809463846111],[-7.983751356398306,37.39800605290511],[-7.984492498949231,37.40639297623317],[-7.972255578096969,37.40274504374423],[-7.960800489825649,37.41039351084007],[-7.953573442472715,37.404794021326865],[-7.941506094821098,37.41049196782717],[-7.937419382459131,37.404326961753654],[-7.92440090268131,37.413692038411995],[-7.9201579281200605,37.40832895749654],[-7.9049057278271775,37.409522687456516],[-7.902993826895926,37.41699668066766],[-7.8898288046511995,37.41820022532691],[-7.890946177185374,37.42448777669969],[-7.896793148440153,37.42610295719149],[-7.8924972587386035,37.434194724282364],[-7.87678968133597,37.43251287254083],[-7.867500081278665,37.439993955599576],[-7.859244772233525,37.43655706605216],[-7.853297784045186,37.44879469353745],[-7.832396867153575,37.448716757669935],[-7.82329697897461,37.46219406357424],[-7.818977340473363,37.455165946627],[-7.812445300559343,37.45580280782917],[-7.793999133547052,37.47129405571932],[-7.786835858812626,37.46935015598742],[-7.7727985177231895,37.47959510642719],[-7.766484579841142,37.47996926426101],[-7.7655927736163575,37.487589940985075],[-7.753048191545967,37.480679407884764],[-7.743904808613574,37.486178303988794],[-7.743592868116673,37.491295297846584],[-7.734581682368855,37.491427028275666],[-7.731797044725362,37.496793345809515],[-7.722782545434183,37.493414342708455],[-7.712999191605355,37.50179458675855],[-7.705308916684417,37.4987316258658],[-7.675299379355167,37.50599422338483],[-7.669272197123725,37.50287962296816],[-7.661701428625396,37.50559448086963],[-7.657241093001084,37.501134427138645],[-7.651309153083051,37.502392186852745],[-7.648941737488792,37.49498058755152],[-7.636800202895677,37.50009475493361],[-7.620330736599257,37.49071233793757],[-7.615389716216401,37.49421494274778],[-7.615394958149341,37.49979656105834],[-7.597335396567425,37.50423302626558],[-7.596095606884788,37.51319643509054],[-7.57973115949338,37.51729321656722],[-7.574397385658003,37.529094776998114],[-7.559604559555328,37.523287892956496],[-7.548201970870699,37.52589472502298],[-7.5322205295209,37.5235339518303],[-7.525599271631739,37.52889411082344],[-7.515900564029785,37.52859438675049],[-7.508030030475789,37.52307855256224],[-7.492804282993387,37.52269518064568],[-7.4908100666198445,37.508933195847135],[-7.484440528955718,37.498872833448004],[-7.464306224517017,37.4882979671339],[-7.469114038105775,37.47867351359045],[-7.468743669876105,37.468941208754465],[-7.456704685104164,37.45239852533976],[-7.456993077087204,37.42930526003052],[-7.445505732743369,37.419399047359086],[-7.447902646685005,37.415503883769674],[-7.459159192536543,37.413179725097876],[-7.460878764165053,37.40877596295643],[-7.442404679785893,37.394196937110294],[-7.437106346397528,37.37029932908208],[-7.437204255647827,37.35710125309964],[-7.4445920125081235,37.344551616948046],[-7.439005641081448,37.32689965800325],[-7.441984371999983,37.310937925161085],[-7.433356836525789,37.28830975011219],[-7.4217060292651595,37.27379980328784],[-7.431730489522515,37.25952610182539],[-7.433089620679771,37.25045507198396],[-7.419562980204845,37.23801221020006],[-7.412604848022959,37.22149924850349],[-7.407258546740144,37.182950004460686],[-7.393306998988407,37.16620149970876],[-7.399798684196117,37.163105601866484],[-7.407153502509158,37.17144576303066],[-7.44581075375615,37.17694536894823],[-7.469198083257308,37.17568633865907],[-7.5067946322381065,37.1671835382914],[-7.567756185992425,37.14397825018536],[-7.601812826625521,37.12777905252323],[-7.614811109271781,37.118498714738244],[-7.616104004394494,37.111409989022924],[-7.620619553328141,37.11190401336856],[-7.649103790143792,37.09264615188776],[-7.795711418586104,37.013831114761395],[-7.814403398815634,36.99630457971498],[-7.864270799357535,36.97363468436411],[-7.868802592338737,36.96310680466143],[-7.89269938791255,36.96220620561071],[-7.947898030468306,36.977204488453495],[-8.093304883458236,37.06298965169405],[-8.106267348743746,37.06777476872143],[-8.110497434351242,37.06501212433418],[-8.113345770639214,37.070587608897256],[-8.120869162368026,37.072423835484315],[-8.124302161098333,37.06941451608836],[-8.127650742436506,37.07401219675379],[-8.184175743004998,37.090431190360164],[-8.233899901836972,37.08250435190604],[-8.252481955438624,37.08610076191197],[-8.25849665581906,37.08017089932329],[-8.286300751655853,37.07180560097701],[-8.297999037969713,37.07210409221098],[-8.351850131687625,37.098499838327974],[-8.368248454693237,37.10149797450759],[-8.396501208621213,37.090403833257064],[-8.436699553844187,37.08530544901947],[-8.485540092718876,37.09983764158009],[-8.519306609639777,37.105171549956495],[-8.5365042225185,37.11777736279133],[-8.56095563514977,37.119618989620136],[-8.56680170893281,37.114105031148746],[-8.602607447769092,37.12306730931492],[-8.615093318048292,37.122294435628646],[-8.618104419116785,37.11860514041742],[-8.639897025398865,37.11870935845574],[-8.663185543182463,37.107868251010174],[-8.669309962819087,37.09077214279892],[-8.667605620120096,37.07890674567475],[-8.68591339202155,37.085284815835514],[-8.726492236817549,37.086423521909175],[-8.79010057912376,37.06250445990771],[-8.809076118436924,37.06611378236695],[-8.840094767722553,37.06048160767814],[-8.854991010824605,37.05446139833777],[-8.864101332821871,37.04180660589805],[-8.872279968630549,37.04629041575224],[-8.893255223008977,37.04257921434785],[-8.905902894704624,37.023904037097],[-8.925321439995018,37.01893907405777],[-8.926675014321578,37.00631846269394],[-8.931199958071337,37.001406785078984],[-8.941943846174162,37.004158587830055],[-8.948000827902739,36.99350797291922],[-8.95169447669333,36.99820116951951],[-8.949851777804811,37.00901041211839],[-8.963608341955396,37.02482644995846],[-8.982292801061718,37.02652635439606],[-8.98620092075597,37.01851329432598],[-8.996991152198163,37.02250110693172]]]}},{"type":"Feature","properties":{"name":"Guarda","key":"Guarda","concelhos":14},"geometry":{"type":"Polygon","coordinates":[[[-7.849192381468269,40.42749906032467],[-7.825898915122567,40.44059498072047],[-7.8107660381476,40.43998815302417],[-7.7986127331712565,40.45567215879506],[-7.827295035567632,40.481802612521776],[-7.828494735381243,40.49789649540778],[-7.82318905174293,40.500623300219665],[-7.822695554234086,40.50809554536174],[-7.78509624049651,40.50730538569479],[-7.771997588704762,40.51809499962059],[-7.763295087659237,40.52008990998645],[-7.7584976235246135,40.52689522168553],[-7.744281590069881,40.52612806018615],[-7.721524354505277,40.53535344474889],[-7.713702213518243,40.54333087994161],[-7.670307807984251,40.55258153380257],[-7.665697399070345,40.559595558782846],[-7.654840701286554,40.559346380352856],[-7.635499091363644,40.56799434577147],[-7.607106294583258,40.56507353328718],[-7.58705139163928,40.57160178930009],[-7.58609553939149,40.593198500249926],[-7.56245065297206,40.63492498839818],[-7.565794439274606,40.645298182542895],[-7.54577454987552,40.65775344206293],[-7.552793895859533,40.66770156096633],[-7.5450972594924375,40.68539462882928],[-7.538729993818569,40.684745899775855],[-7.535921582934043,40.68974546802624],[-7.543044007730953,40.69569419439606],[-7.5619989175156,40.6938053368391],[-7.5909954086943925,40.71380394824286],[-7.597794258080752,40.72649866272018],[-7.576067789782003,40.742132210218],[-7.572338852334118,40.75148885523713],[-7.584715599132119,40.76570096353636],[-7.628054990033894,40.78158875204584],[-7.6209967480464735,40.795497404731286],[-7.607613824594192,40.80572878326292],[-7.598396163381907,40.82459680880587],[-7.591497758368287,40.83000359593619],[-7.585095718260957,40.85379765907685],[-7.576797466617303,40.862796617332876],[-7.555999207233922,40.873095756141915],[-7.514103354908577,40.86929576314616],[-7.51015130954437,40.859517905429165],[-7.498103634826422,40.85569650253376],[-7.495827249886432,40.84837828268883],[-7.482504715596827,40.83949765414177],[-7.48114418878469,40.83467770194309],[-7.464804697290259,40.827596658033855],[-7.463156617539835,40.820642653086374],[-7.4514727826663405,40.81487646039653],[-7.435515417580627,40.8250082358437],[-7.428671105577284,40.83516700618599],[-7.428995155244181,40.84159823847471],[-7.415654417942074,40.853841261724895],[-7.403876228555454,40.877331365483315],[-7.406057922338317,40.88200926286372],[-7.425497144886502,40.886704012793125],[-7.430395091581527,40.8944006684203],[-7.424295184878306,40.914397340973416],[-7.417897965818954,40.921795551284575],[-7.40950135904632,40.921795753985734],[-7.393819843421921,40.90997238867192],[-7.378184847535113,40.90644947035477],[-7.358997375593548,40.927595519922384],[-7.335674662871752,40.934796492663],[-7.326520604853317,40.97221391328321],[-7.3382077910601025,40.980361427732966],[-7.355398277914323,40.98270494736231],[-7.370845663249516,40.99170105113432],[-7.378793187858529,40.99120501544194],[-7.37594980817127,40.999023099026516],[-7.379995355784841,41.00580118550145],[-7.379012727065022,41.013303274305834],[-7.341662639865721,41.012609329678774],[-7.335704202456907,41.01982632923849],[-7.341692333455419,41.02780107980249],[-7.340071483340562,41.03379722952138],[-7.345694400003358,41.04640257035194],[-7.336096200558854,41.073597255054814],[-7.330516412769189,41.078842638692045],[-7.324196055961935,41.11679795365018],[-7.304598343703874,41.13949535927732],[-7.281920021044438,41.13569730644842],[-7.268697997490303,41.14229376623156],[-7.249500438813679,41.14499547271386],[-7.225681080055255,41.136782388458116],[-7.2092012709143205,41.135995586563766],[-7.192471716676328,41.126675902288284],[-7.16620472006789,41.12621624976169],[-7.150496999154097,41.1539959064959],[-7.132797083079167,41.16045150737792],[-7.125696461002561,41.17619644349447],[-7.118000533703546,41.179394641898696],[-7.112804653143703,41.17589774418989],[-7.114704596133435,41.15080263502562],[-7.126476816301905,41.142562934165625],[-7.12697739858743,41.13760285748369],[-7.121792551085393,41.13437454082802],[-7.099501135149514,41.135594547617615],[-7.084205318247495,41.12789736509751],[-7.085605032343168,41.12040275116242],[-7.102567365384089,41.10379948758802],[-7.105412108496872,41.09091347439076],[-7.101041261032658,41.08015846937623],[-7.058202873351058,41.0629951273562],[-7.051204690778978,41.05719755765756],[-7.049875485052031,41.0485434369072],[-7.043133753396433,41.04416377412916],[-7.027467627967971,41.038414430806974],[-7.012600230396377,41.04139451435959],[-6.999403239673163,41.03729609331189],[-6.992130497857025,41.025955684498854],[-6.983904073251529,41.02637184773946],[-6.968100418231974,41.03639425037411],[-6.959063052216966,41.03127349324157],[-6.931404409679885,41.029395503896616],[-6.931404603128403,41.0168598427644],[-6.92217894794171,41.00336142235356],[-6.90880253980877,40.998895973092836],[-6.875602162660685,40.96103798943663],[-6.859103199627418,40.949697301581395],[-6.847604983551562,40.924599090761404],[-6.847965130081799,40.90178257172381],[-6.830379831411719,40.88579411272939],[-6.818716458671531,40.88135244977225],[-6.8090033201519145,40.8823950956726],[-6.800205112257488,40.84850224281866],[-6.821419868898336,40.8397022776019],[-6.824875507115467,40.82547125405732],[-6.816905356648767,40.79900057223061],[-6.825357970013483,40.78340641320549],[-6.830273821391649,40.743936212785925],[-6.823814254807994,40.72897107682961],[-6.810805507776949,40.71689844001175],[-6.812862353527753,40.70757105978872],[-6.801704656581637,40.6780000649548],[-6.804419669539925,40.668881840596335],[-6.794006032066066,40.66129828358456],[-6.815404029884401,40.61820281184886],[-6.837640648913942,40.59443932822264],[-6.837805396011207,40.57990131871651],[-6.843474240013862,40.56850233220934],[-6.800906047011638,40.55039549484757],[-6.804894743646436,40.53543882158703],[-6.795305905974956,40.5114024864087],[-6.811538059154989,40.50418105219615],[-6.8227042137027105,40.48320393378588],[-6.833427558197439,40.47630896753351],[-6.8492747157625775,40.45083607406388],[-6.834356452288521,40.40780385727066],[-6.812503805765619,40.39089695880224],[-6.808542634328959,40.383287969631276],[-6.781108115912943,40.36519971097377],[-6.793342797792216,40.354968942384886],[-6.790304520448693,40.334200944131034],[-6.794103350866148,40.328404081662896],[-6.8189388226109875,40.32451996852922],[-6.862708788414033,40.29697391243225],[-6.862404842394026,40.27710081637518],[-6.868003529077296,40.26430411794728],[-6.907300070065324,40.25390486589714],[-6.926103142875513,40.25827188287563],[-6.953597687577624,40.258104887297364],[-6.961894407009451,40.26789153873719],[-6.983397235779652,40.272704061594126],[-7.014790652579797,40.29007767718975],[-7.020652718599668,40.289215745653344],[-7.021704912957826,40.28320237334311],[-7.030701256078675,40.278304953628464],[-7.083298479508827,40.278405554329794],[-7.094491485339374,40.285000347826994],[-7.088365700546403,40.29196258908416],[-7.098894477024687,40.30720150257725],[-7.098977068941178,40.31543400146887],[-7.112963525247001,40.32446349488647],[-7.129261661985989,40.31170821329682],[-7.136003811061779,40.28290331310284],[-7.161501549835748,40.26860482381522],[-7.168697463591731,40.26780529524236],[-7.173918693102443,40.27480396456182],[-7.1817987173672995,40.27430502557226],[-7.192107878701389,40.28187542570277],[-7.21176177381239,40.28575663674107],[-7.225836740591803,40.27714636071353],[-7.2274045748639235,40.2710022211814],[-7.24020081780456,40.25850543812175],[-7.257732276009108,40.26732377199396],[-7.2735988774357425,40.265705525319035],[-7.2853399695573,40.27211241255231],[-7.296999238161972,40.27120419419257],[-7.323697343325709,40.284203562653055],[-7.332592444127021,40.29389825786814],[-7.306613764769004,40.30430853609833],[-7.275670320497676,40.33995315052206],[-7.277095585181917,40.37169968669936],[-7.270287717704079,40.387617766712744],[-7.270462942552894,40.40611269223944],[-7.292187449903916,40.41552463027686],[-7.30680050296292,40.40350614195792],[-7.324480711282231,40.41205338954545],[-7.342060331126475,40.400049499424796],[-7.344902921923053,40.38181100912915],[-7.351173052319925,40.38980696820909],[-7.359645854204485,40.39232057788636],[-7.366425300115965,40.39209474495312],[-7.381301644831948,40.38230470375839],[-7.400192970776276,40.380609576298966],[-7.421487506285968,40.390933439863105],[-7.44729856976561,40.38680478592489],[-7.462366954157886,40.40124032194374],[-7.488731084722309,40.39365166077157],[-7.514853527289789,40.36881119705805],[-7.517704405297167,40.343802023892074],[-7.537202981527819,40.31780507323689],[-7.569391163383038,40.319975221584826],[-7.581299652004849,40.31130604187269],[-7.593925432071741,40.32327268240079],[-7.611856296690957,40.32180565434598],[-7.618935847579626,40.3096613131635],[-7.618904943261698,40.29960257828281],[-7.661701394389299,40.27100445597274],[-7.684588135303525,40.270539113048315],[-7.709389835327498,40.26103450415783],[-7.733801982211975,40.23690484166439],[-7.7699003000176665,40.23712941908398],[-7.78239899573427,40.22990572654702],[-7.803078422925705,40.255316229454785],[-7.82159679496798,40.25670485839018],[-7.825794207369119,40.26579823590673],[-7.817844260617807,40.27124307415772],[-7.818194769279846,40.28219804832564],[-7.8090331792566845,40.291079626952296],[-7.804396289870276,40.30759572878944],[-7.793066453365489,40.30916951613257],[-7.778998754715099,40.31839442840417],[-7.765943485011361,40.31744096832356],[-7.760864041173365,40.332630496728015],[-7.7727153281386085,40.33767856874371],[-7.777599223201811,40.335805903873464],[-7.7870391469022096,40.34594100892681],[-7.8050951887951765,40.3493037420482],[-7.796002073240585,40.37441289163314],[-7.798065909570335,40.40344888767494],[-7.826898775314111,40.40320501450397],[-7.8450953230115115,40.41410277678743],[-7.849192381468269,40.42749906032467]]]}},{"type":"Feature","properties":{"name":"Ilha Corvo (Açores)","key":"Ilha Corvo (Açores)","concelhos":1},"geometry":{"type":"Polygon","coordinates":[[[-13.243094276694578,41.95609990280314],[-13.238994227204932,41.96889576420925],[-13.230300768764907,41.96909546420956],[-13.220703613372818,41.96549670141341],[-13.217604330821,41.95420016381515],[-13.220304455887941,41.947303676482896],[-13.235000870968717,41.93800516398294],[-13.239696097802874,41.93910427812697],[-13.237794719318837,41.94580761416825],[-13.243094276694578,41.95609990280314]]]}},{"type":"Feature","properties":{"name":"Ilha Terceira (Açores)","key":"Ilha Terceira (Açores)","concelhos":2},"geometry":{"type":"Polygon","coordinates":[[[-11.18129460457739,41.430598658247675],[-11.177805432778912,41.43707628042746],[-11.180189326028506,41.44179348939265],[-11.155298793405995,41.45659629997208],[-11.114398115631461,41.46149527290731],[-11.096182577591023,41.45539394029936],[-11.090496735940107,41.46009404835058],[-11.082600156449663,41.460192805758034],[-11.043020956339793,41.4497913173615],[-11.028701030426472,41.45179489301153],[-11.006680953081915,41.43834945097764],[-11.004631332499269,41.429588406276196],[-10.996608656794567,41.42469977198943],[-11.000114901452852,41.421204965282655],[-10.999975033300476,41.41146180825578],[-10.995204717000338,41.40260123100697],[-11.003704282087956,41.392103874337614],[-11.013673093997335,41.38875972304372],[-11.014903775962871,41.37380427667144],[-11.0507994348881,41.37420531671814],[-11.065424363446356,41.37965493748716],[-11.08555281579166,41.37962598921391],[-11.09729941539852,41.37140543296081],[-11.102860939008325,41.38054699874585],[-11.124900125720494,41.37860561448056],[-11.165596818441035,41.39750427326862],[-11.175796561524265,41.40900209348678],[-11.18129460457739,41.430598658247675]]]}},{"type":"Feature","properties":{"name":"Ilha da Graciosa (Açores)","key":"Ilha da Graciosa (Açores)","concelhos":1},"geometry":{"type":"Polygon","coordinates":[[[-11.56237655882195,41.60649821974437],[-11.549997308895156,41.62189506694909],[-11.538800732136716,41.622895264779295],[-11.519289715116594,41.61733806095855],[-11.498504018644114,41.59189740873785],[-11.494805150922117,41.576903737511174],[-11.506185793140405,41.57461261663829],[-11.519698231285181,41.576604869060645],[-11.529228387333674,41.58280778789812],[-11.541998024451265,41.58230527989688],[-11.56237655882195,41.60649821974437]]]}},{"type":"Feature","properties":{"name":"Ilha da Madeira (Madeira)","key":"Ilha da Madeira (Madeira)","concelhos":10},"geometry":{"type":"MultiPolygon","coordinates":[[[[-11.225295450054665,38.49600126732513],[-11.223299892966866,38.52597490958744],[-11.217241079547978,38.486774836276744],[-11.19301441574532,38.45951032577479],[-11.210796391499244,38.46710383752251],[-11.225295450054665,38.49600126732513]]],[[[-11.278294722867912,38.637101074148795],[-11.277396624300284,38.645590306217045],[-11.25700460084539,38.624797064095276],[-11.251354232656894,38.610048169791064],[-11.233505408904486,38.58729704434949],[-11.221704970751885,38.553299567765066],[-11.224001970656353,38.53911352690478],[-11.250874113307653,38.59454797511273],[-11.2743955455756,38.61090216898067],[-11.273398712349648,38.627688161153344],[-11.278294722867912,38.637101074148795]]],[[[-12.075792726835358,38.91209953781757],[-11.999698528791251,38.97259452708243],[-11.979598813791341,38.968664172349776],[-11.965303594761233,38.97089489862747],[-11.963310556611917,38.96368696667154],[-11.950104198628654,38.95579683795847],[-11.947247801957928,38.94690729793359],[-11.921393347101295,38.92597073918018],[-11.900002712122733,38.92479571740039],[-11.895756667386049,38.91714689110382],[-11.886382627290123,38.91235936646877],[-11.83948045813352,38.90471725530511],[-11.8018040099329,38.912278534185624],[-11.771399220313244,38.92879469264336],[-11.752751958093382,38.92504788757275],[-11.677701785700858,38.93669533284495],[-11.670629221477725,38.928486159994094],[-11.65530269691085,38.92449513167859],[-11.63400510652654,38.904098533936455],[-11.623508553027424,38.9038950366208],[-11.626702822704434,38.893616877424876],[-11.60600161920774,38.881594752621076],[-11.586845605936203,38.860676850960424],[-11.561782166786768,38.8544067421443],[-11.551700665083752,38.85819484431407],[-11.539435252818015,38.848972883342256],[-11.503001598016795,38.84659586804656],[-11.492993728256472,38.838944432771086],[-11.48390204598058,38.84209388963207],[-11.480164682170475,38.837776144358266],[-11.471603061794701,38.83752621418525],[-11.462799536814098,38.84259510550949],[-11.452335447629123,38.83899553616656],[-11.443703177131685,38.84389253376113],[-11.441736973053468,38.83722539799984],[-11.431804184463271,38.83389601519844],[-11.430605512879936,38.82820262724509],[-11.43449817209807,38.82620594294274],[-11.4392253296995,38.834459759683455],[-11.445368064529921,38.836789932924226],[-11.457400489199294,38.82800534743202],[-11.480664083918697,38.83168712532301],[-11.492397091171602,38.82160879876692],[-11.495971213127882,38.82492652288583],[-11.503826570117532,38.82323600100715],[-11.51540378464684,38.807004511756226],[-11.523204346897973,38.80271455373606],[-11.521105662007962,38.79320221143136],[-11.527838506034563,38.789564647665784],[-11.534403156053251,38.77540392620919],[-11.556705029751305,38.76836399280982],[-11.565121216622641,38.756827280038564],[-11.567304680682398,38.74460235445523],[-11.597902096529415,38.71980477837262],[-11.61409843957095,38.71945041707059],[-11.618301653511809,38.715305762631694],[-11.650203670672564,38.725276135822995],[-11.677800939500608,38.726469116535114],[-11.681306674830715,38.72100453060651],[-11.697047940472634,38.72094952480641],[-11.721699107441236,38.711605849818824],[-11.7348521452145,38.72160196004161],[-11.76881272780779,38.73183964143661],[-11.80179845809077,38.73300516408355],[-11.821884125221668,38.74302276386238],[-11.853397457468278,38.7498049724954],[-11.862807149130592,38.7580951769785],[-11.877988092174068,38.762659434718245],[-11.898299326280547,38.761404764829415],[-11.936802874456653,38.788229271847484],[-12.017396411771768,38.82610330986938],[-12.021525509880378,38.83627470023887],[-12.053195075584314,38.86590148806405],[-12.051248858600237,38.875592181591905],[-12.059851603322722,38.8970673407012],[-12.075792726835358,38.91209953781757]]]]}},{"type":"Feature","properties":{"name":"Ilha das Flores (Açores)","key":"Ilha das Flores (Açores)","concelhos":2},"geometry":{"type":"Polygon","coordinates":[[[-13.32009456891269,41.81830054746923],[-13.31412181976575,41.825848197400084],[-13.313295143824178,41.839897555474884],[-13.301188196991108,41.850507566639386],[-13.30259133996195,41.85629535173554],[-13.287498569364812,41.85819481733345],[-13.27543207173662,41.84496912351665],[-13.25990120084818,41.84689337105708],[-13.25302294968611,41.83075822745804],[-13.241705077771131,41.82439554854732],[-13.24230443663772,41.81660313686564],[-13.250419383728872,41.81063247142373],[-13.247513852535297,41.80370488492932],[-13.253997134582338,41.80201052730475],[-13.260404814907412,41.781903310378354],[-13.278100237539794,41.77490529601188],[-13.299300445268583,41.774004723386625],[-13.313231191697552,41.78083119169755],[-13.31248656796484,41.79427606568839],[-13.32009456891269,41.81830054746923]]]}},{"type":"Feature","properties":{"name":"Ilha de Porto Santo (Madeira)","key":"Ilha de Porto Santo (Madeira)","concelhos":1},"geometry":{"type":"Polygon","coordinates":[[[-11.12119230080477,39.16009589184977],[-11.111430996090396,39.16148042189063],[-11.108295354693032,39.169996662210046],[-11.09988469697828,39.17590931194671],[-11.095008151756709,39.19161225148981],[-11.098692292510595,39.197198244867636],[-11.092884120310625,39.19995096453578],[-11.09249356293056,39.20479652853079],[-11.08006498374244,39.207021035075265],[-11.072797378314135,39.21739636591513],[-11.051835352818584,39.222972253766535],[-11.03809999128017,39.23339388671782],[-11.023313734853831,39.22255033217571],[-11.007504378048289,39.224894527250385],[-11.007005504055142,39.215501787883916],[-11.011295241424712,39.20788330473461],[-11.001807292296563,39.19900023350687],[-11.010271806494426,39.191793672493766],[-11.006007949705937,39.18110618578491],[-11.020961019671724,39.18429762742562],[-11.029396456433151,39.179006404220104],[-11.033785435124619,39.183613946941094],[-11.04526288673355,39.181318221948644],[-11.098801538655264,39.1419055996942],[-11.103997644667187,39.141032052610555],[-11.12119230080477,39.16009589184977]]]}},{"type":"Feature","properties":{"name":"Ilha de Santa Maria (Açores)","key":"Ilha de Santa Maria (Açores)","concelhos":1},"geometry":{"type":"Polygon","coordinates":[[[-9.974694228397292,40.46150083310156],[-9.97239647708823,40.46839673841637],[-9.952704877270335,40.47669319239218],[-9.949011761177378,40.47200166162504],[-9.93738435537894,40.472149697845445],[-9.932596735280734,40.477293642276685],[-9.921400207487542,40.478994826270714],[-9.911168629486143,40.475464808974415],[-9.907297619817141,40.47889396862221],[-9.901205022360484,40.475997519886015],[-9.900752216227264,40.463169953119234],[-9.880906780675664,40.44760060359352],[-9.88070808416176,40.430904379176525],[-9.910998005308159,40.43090447245848],[-9.918631237968615,40.439307265329006],[-9.92955218612923,40.44339156272041],[-9.959299193458317,40.43680537382506],[-9.967494926845667,40.44310192441003],[-9.974694228397292,40.46150083310156]]]}},{"type":"Feature","properties":{"name":"Ilha de São Jorge (Açores)","key":"Ilha de São Jorge (Açores)","concelhos":2},"geometry":{"type":"Polygon","coordinates":[[[-11.696785193393833,41.43569285713064],[-11.667502128587564,41.42969354438108],[-11.56520933372405,41.39437964789458],[-11.55010659321228,41.394591349176984],[-11.547727757620528,41.39009515647274],[-11.536601194831043,41.38969589061355],[-11.509881550762108,41.37431259202105],[-11.48300179639128,41.36519451804272],[-11.476551257949966,41.3586784961096],[-11.459601981017892,41.35469431996228],[-11.424778551395413,41.33810782518308],[-11.411302758020684,41.33609605758885],[-11.386408753500596,41.32100032864981],[-11.397901391404522,41.31430486680585],[-11.42849911466108,41.313405079751696],[-11.490744111723277,41.34379631416611],[-11.536098755298838,41.35060458950418],[-11.557828867073413,41.363920852640554],[-11.580295926230368,41.36733506980465],[-11.62749712412729,41.38670391309458],[-11.632721019666114,41.392830310671755],[-11.644898061390583,41.393804791838704],[-11.64950504826745,41.405474245707154],[-11.67039685528788,41.41360536493206],[-11.696785193393833,41.43569285713064]]]}},{"type":"Feature","properties":{"name":"Ilha de São Miguel (Açores)","key":"Ilha de São Miguel (Açores)","concelhos":6},"geometry":{"type":"Polygon","coordinates":[[[-10.34279386846232,40.94259821479662],[-10.337395822563357,40.950495661684364],[-10.32717744153208,40.95570058981915],[-10.324295090774713,40.965094004284644],[-10.31417551277917,40.96329205815126],[-10.301899474729815,40.97059451850177],[-10.267902975516414,40.95789532457547],[-10.252927772786911,40.93581406612501],[-10.24373303227317,40.92938658019743],[-10.225384301080439,40.92568383785424],[-10.2186999536011,40.92849461311035],[-10.19688889700493,40.918213595947485],[-10.162433049043143,40.92264363894735],[-10.141000487747357,40.93599254840237],[-10.130732851127075,40.92356654072744],[-10.115534251789573,40.92382590459621],[-10.111301700846452,40.9278],[-10.095129882674472,40.92498053807201],[-10.058563429509274,40.93679359841742],[-10.046900312049635,40.94639353257276],[-10.039647844805536,40.94026519428366],[-10.017200397265071,40.94439474599549],[-10.006176410747656,40.93955440909089],[-9.979503169295096,40.94269314472886],[-9.954594669479457,40.93762949846099],[-9.94680641608059,40.923198318706035],[-9.946505087289042,40.914000793832116],[-9.951107173705367,40.90663319376144],[-9.95025811837558,40.89529612886067],[-9.965202076188076,40.87860540008663],[-9.989999183074167,40.87450631093404],[-10.019133546520411,40.88003468082528],[-10.031603677521808,40.87340473201053],[-10.048500933579074,40.86830479214198],[-10.065797913626495,40.86824708971921],[-10.077201018632667,40.86210456578658],[-10.138096494549412,40.86440435446208],[-10.152898418706963,40.858405614098466],[-10.184583325648402,40.87843050973656],[-10.194099319031812,40.8770051285063],[-10.218311775279691,40.88248011359587],[-10.237800940109189,40.87350652862425],[-10.255198686052985,40.87400416698466],[-10.334996679395088,40.925203081354965],[-10.34279386846232,40.94259821479662]]]}},{"type":"Feature","properties":{"name":"Ilha do Faial (Açores)","key":"Ilha do Faial (Açores)","concelhos":1},"geometry":{"type":"Polygon","coordinates":[[[-11.981593949062816,41.34950313025699],[-11.964398937078071,41.35569492184126],[-11.937638088954634,41.35598799460084],[-11.91569933594819,41.37409554950581],[-11.892693964185137,41.368921152110936],[-11.851506073316632,41.34649908463771],[-11.857888896635771,41.32837532790361],[-11.853906889136796,41.32040287750386],[-11.863689357240526,41.31707718497464],[-11.864302929576823,41.30370583574071],[-11.874410791683003,41.308708846541],[-11.91479965730112,41.30450588811172],[-11.936787530483894,41.306907220503376],[-11.934455962742256,41.311640911888475],[-11.941239181681622,41.329276473241364],[-11.960534224413166,41.33436791434789],[-11.981593949062816,41.34950313025699]]]}},{"type":"Feature","properties":{"name":"Ilha do Pico (Açores)","key":"Ilha do Pico (Açores)","concelhos":3},"geometry":{"type":"Polygon","coordinates":[[[-11.820495592472392,41.29050087722592],[-11.817695567381202,41.31209713973943],[-11.805096746838618,41.321895190667824],[-11.783299828146845,41.32809528300906],[-11.736916424924553,41.32691444688845],[-11.698088616894243,41.311845114055245],[-11.684170688850628,41.298633043236094],[-11.65620187974401,41.294494537626726],[-11.626913564969383,41.27454277585881],[-11.553903864517297,41.26339604968311],[-11.541803113420858,41.25569600828695],[-11.538305038368595,41.24630361662504],[-11.567401789014102,41.239605311090635],[-11.62019227435904,41.245036052791725],[-11.630802628091896,41.23710400689988],[-11.654500017184157,41.230004723792334],[-11.661696365337255,41.23210374771374],[-11.664568469855807,41.24206944745428],[-11.67193422932128,41.246449060624286],[-11.722599886114079,41.246704807598896],[-11.748877689690318,41.25506147847948],[-11.767198674806664,41.25100464322218],[-11.806795878147533,41.268603757724186],[-11.820495592472392,41.29050087722592]]]}},{"type":"Feature","properties":{"name":"Leiria","key":"Leiria","concelhos":16},"geometry":{"type":"Polygon","coordinates":[[[-9.409492052209261,39.35960127375449],[-9.39709832932722,39.37049501522343],[-9.38097104611775,39.369989734834625],[-9.379294307750142,39.376090478717224],[-9.369149537227766,39.363348119820415],[-9.352687689578781,39.36157694347197],[-9.340938739805617,39.367971337993126],[-9.34099450216133,39.37958338035566],[-9.336338930908862,39.37439546484624],[-9.323631203439911,39.37563026990622],[-9.29166153718567,39.3914642743832],[-9.230966464802112,39.432196684617864],[-9.211859473831222,39.45395050513325],[-9.203696878895054,39.47309631703866],[-9.194757420611475,39.47570642367721],[-9.169797573806646,39.5022965426906],[-9.144308834650614,39.510322264711164],[-9.145393838521805,39.52139745286335],[-9.131618055283042,39.526393011950255],[-9.125296572767823,39.537796925563754],[-9.11506087549773,39.544994253115945],[-9.075637194917249,39.59085611316926],[-9.076156065412741,39.6016853613919],[-9.085995091206641,39.60450360362449],[-9.08349583012019,39.62319904403793],[-9.05117799379417,39.700023741224655],[-9.051195332348922,39.71859889939264],[-9.031039867619839,39.76661516553448],[-8.967818611179487,39.88733587716496],[-8.894897990587232,40.04549389186765],[-8.87060364976903,40.03479611357032],[-8.863773238238682,40.02361623378416],[-8.847901190141519,40.023663580625026],[-8.839699569115014,40.02849510408118],[-8.803413312843418,40.01396521980822],[-8.784097449010417,40.03649573923266],[-8.766499830810975,40.040895836716246],[-8.70339810663969,40.02756266377495],[-8.675502344777783,40.03009508896024],[-8.665886720581115,40.01646516741723],[-8.641106140013694,40.01109672529908],[-8.644576271253019,40.001541015408016],[-8.639625268011583,39.99064270566582],[-8.614974526587028,39.993002487141446],[-8.598896369852985,40.02159696726807],[-8.591498608831714,40.027595637420944],[-8.554004192924573,40.02519527146378],[-8.545805281752799,39.98110117730469],[-8.551703709375783,39.972338244927336],[-8.55097661958454,39.96032897516699],[-8.538795572853056,39.95042504800224],[-8.525002903965042,39.96273295350431],[-8.522195662076385,39.98449537465137],[-8.491187584780139,39.986356223422156],[-8.486496087313265,39.99249566176629],[-8.461021714965959,40.00552628297953],[-8.457496771055782,40.017793292373376],[-8.439606247484724,40.010222170793604],[-8.42989793629635,40.02529520978857],[-8.424202493898443,40.024594714241545],[-8.4044044793869,40.005797209763735],[-8.398904783971334,39.988200155502234],[-8.401169307405857,39.97895677359629],[-8.379905282462676,39.95539890858815],[-8.380903786124563,39.95140418275517],[-8.391612860688493,39.948900536039815],[-8.393004796765833,39.937704051749584],[-8.401088296038191,39.93566283520536],[-8.402463694484421,39.930742254026214],[-8.376759243335659,39.9248185496822],[-8.373394616906262,39.93269619387812],[-8.359734589716552,39.93583603029442],[-8.355496550963505,39.94319678108576],[-8.327296794174615,39.9640713840742],[-8.325995562486376,39.97299388225309],[-8.320786814689194,39.97405559572943],[-8.319895175681227,39.98379768723657],[-8.313801695041601,39.988693030625655],[-8.307015299406281,39.97446930705155],[-8.285163530619835,39.962751472353496],[-8.28046946860348,39.96401817569937],[-8.274914799662941,39.974793261031344],[-8.278591268983355,39.980098978260585],[-8.273112997013225,39.98787048124376],[-8.282773411962124,39.99216702831325],[-8.297994438635977,40.00940135088122],[-8.296894979143977,40.01559732082957],[-8.282486336668992,40.0296981628689],[-8.275625002545578,40.04564761743138],[-8.263098472787904,40.053595431633596],[-8.24932075727605,40.055127588420596],[-8.239697667690459,40.067294562581715],[-8.210106366341758,40.05446991254307],[-8.179098836576832,40.089694229350606],[-8.14370389514022,40.07279587877129],[-8.142604339695291,40.065100590109246],[-8.153050470689506,40.04115061437771],[-8.154780004397706,40.02099868554952],[-8.144003618310986,40.0133971967008],[-8.137358320652679,39.99810655395823],[-8.119609162729262,39.986694456812565],[-8.108004594842281,39.96210058179127],[-8.129992398161265,39.94032868226244],[-8.128611672786628,39.93542241820212],[-8.118809273513309,39.932098539917575],[-8.12984067746284,39.92365904050842],[-8.141113215809355,39.90210902132385],[-8.141504726252172,39.89280202591392],[-8.14920218728957,39.88530414019754],[-8.164568763386333,39.881864083590834],[-8.168502183435814,39.87520539224919],[-8.183942301935593,39.87901934043351],[-8.185106869600835,39.87320152459524],[-8.198774086620176,39.86560440722496],[-8.199305063200693,39.85680336972451],[-8.215509071222144,39.850435702096824],[-8.226545168248315,39.85524130915964],[-8.234102600762032,39.84660434178504],[-8.274714768665481,39.841866935544545],[-8.276923314935221,39.83664019782477],[-8.270704580374503,39.82579920529462],[-8.272003892308849,39.8195049472906],[-8.280628723322588,39.81909327879383],[-8.29205445099424,39.8074750454227],[-8.284105278116833,39.79939746677102],[-8.285103596018708,39.79580412018499],[-8.30419926757226,39.793205656536635],[-8.32230477746051,39.80039788634454],[-8.330253532048317,39.79717617498777],[-8.325904906874214,39.78779900539451],[-8.329745804022625,39.774658081217716],[-8.32440673875011,39.7657016268418],[-8.33251655303931,39.76094884700138],[-8.34556619804189,39.7728088119964],[-8.361581833978267,39.768142757130164],[-8.380100326852986,39.75190550388282],[-8.392457457081319,39.76021303090474],[-8.404491591950524,39.760216631112655],[-8.421338123843105,39.75471780702788],[-8.430602765236127,39.74110497790476],[-8.452696950359186,39.73090802918977],[-8.455095408288576,39.744099302711184],[-8.45102591400812,39.7534900902434],[-8.462595116594482,39.77320174396318],[-8.465394953651895,39.792999699342296],[-8.462851192192778,39.80441634291037],[-8.474195043416309,39.820901622725],[-8.474460483513216,39.83314464258001],[-8.478120483957886,39.836287494771284],[-8.495774354700199,39.82852440253002],[-8.506400171114313,39.81500735372484],[-8.516800554812498,39.82714356905651],[-8.522712016496099,39.8274751806118],[-8.52660395514844,39.816802688975145],[-8.539430910052035,39.80803418129888],[-8.545503476042137,39.79820393662046],[-8.593100391322366,39.77690498138892],[-8.604197608092056,39.77990371266644],[-8.611726942390506,39.788400963387126],[-8.634697314868411,39.78986996713206],[-8.676284384954199,39.77377611435539],[-8.680415236522688,39.76713114484759],[-8.681345916474344,39.74812234568956],[-8.67770295192258,39.738205822987005],[-8.66420873376758,39.725102113045885],[-8.67827450447837,39.720353581572496],[-8.678778364318523,39.710260408100766],[-8.640502069257515,39.70129509357742],[-8.632107297829346,39.695499197174065],[-8.64451116805368,39.68186868754812],[-8.641905583888997,39.6742997826974],[-8.649503542072743,39.66060414233123],[-8.701639838843464,39.63832582578406],[-8.68750492236889,39.60989899368192],[-8.689436989750304,39.588805186905645],[-8.686082945095437,39.57595978924072],[-8.671507409393659,39.56180054015479],[-8.687665749827563,39.550443467788604],[-8.695203826032538,39.53230434241071],[-8.70550934119679,39.52937893963074],[-8.714500273251527,39.52080593565493],[-8.733080256263108,39.53531810654496],[-8.745297053217131,39.52931917684601],[-8.743331950185164,39.51030565896397],[-8.732205396658347,39.49909877520357],[-8.734356977367177,39.49212339642632],[-8.729307031203794,39.48000467668851],[-8.747686840930868,39.48012751863882],[-8.759300597775594,39.47570589027687],[-8.802797735807422,39.48288433176846],[-8.846400417465249,39.47250462538421],[-8.88059373409547,39.474288510046065],[-8.892601398839638,39.46530438506868],[-8.903924464246074,39.4649410352458],[-8.932381629908711,39.42319011634457],[-8.945703124397742,39.39100548242035],[-8.968346033866185,39.39407894630969],[-8.983192867254493,39.38505785073882],[-9.000917325515408,39.355858044675436],[-8.998925026939324,39.33327798174481],[-8.986405167556203,39.318798997554076],[-8.994104163982282,39.29700347600868],[-9.003813356782231,39.29144951041015],[-9.026496864317478,39.293204416591365],[-9.031205659516942,39.30347863872935],[-9.039834457592455,39.310268980250264],[-9.066755607696253,39.309112301904044],[-9.072206624772816,39.299403022982744],[-9.100385769678121,39.289898215192174],[-9.108503394248723,39.27610376696696],[-9.120231059457378,39.27094700101545],[-9.122545322626255,39.2518212817544],[-9.12630384221742,39.24530427328823],[-9.135963090138276,39.2406692749963],[-9.143101793013873,39.22900634751736],[-9.152346117894842,39.23176847031454],[-9.159502637145385,39.22150478139988],[-9.172558819033332,39.22054813988644],[-9.178001932973746,39.211605922185214],[-9.185595573257725,39.2150031104117],[-9.187267334325497,39.22726045182817],[-9.198828172774947,39.23490095244356],[-9.202394593460388,39.24769736147419],[-9.188340446098872,39.26956096375437],[-9.20466763705927,39.30155079160179],[-9.217598127655041,39.30190481295775],[-9.22380571521623,39.30658051353874],[-9.245398127105265,39.3049051276075],[-9.257686424070481,39.31656816867825],[-9.275520063586749,39.30845538258329],[-9.277904406347949,39.301103974033474],[-9.28809517132088,39.297374144131915],[-9.296901487256239,39.28350631335655],[-9.307658840418487,39.28983970273176],[-9.34289620350018,39.29340449678908],[-9.34869975998129,39.31378144946931],[-9.362393316224512,39.32350073049332],[-9.359987485680735,39.336461067363444],[-9.366567242744926,39.34845754153967],[-9.375497913345486,39.348105775182766],[-9.379713147771598,39.352667489750864],[-9.394499041627778,39.353204401807545],[-9.409492052209261,39.35960127375449]]]}},{"type":"Feature","properties":{"name":"Lisboa","key":"Lisboa","concelhos":16},"geometry":{"type":"Polygon","coordinates":[[[-9.500393858098688,38.78100108716905],[-9.451159569570255,38.8593451724376],[-9.451395095544925,38.86709834863941],[-9.444075945092747,38.87502876938546],[-9.431196372524754,38.9120983676099],[-9.419516232334399,38.92944305017657],[-9.416069078504648,38.95660709814258],[-9.423288868962764,38.963602307356716],[-9.419662925856178,38.9863977603971],[-9.427795741078448,39.002300795965354],[-9.41613271509332,39.0435981667881],[-9.416385955277361,39.0635730008561],[-9.421994136301638,39.07469955396856],[-9.394812627049898,39.111736097735275],[-9.39399553656193,39.121398520287336],[-9.360061463325309,39.17031281439752],[-9.358395632574366,39.1816983663472],[-9.351424491045487,39.19222966095201],[-9.340634022488217,39.22486747495199],[-9.343794894577812,39.24079983909027],[-9.335937152325553,39.26832891923612],[-9.336867450213685,39.282807493542684],[-9.342792407664117,39.2894986508206],[-9.336099220261852,39.292795832076536],[-9.311193623906759,39.29060823890379],[-9.297097641564402,39.28492055796693],[-9.288096810658494,39.297695965047225],[-9.278343066451269,39.30149959642979],[-9.276295517527407,39.3082963633135],[-9.255601479955365,39.31769384180159],[-9.244814181423465,39.30526583252271],[-9.223901374247644,39.30689537880228],[-9.216943160580154,39.30199381843549],[-9.200515385549958,39.3022956290469],[-9.202486345458336,39.2982504268717],[-9.196716366975838,39.28171147188824],[-9.18700594866009,39.268900368656595],[-9.196648497954396,39.25902141364367],[-9.201445183725879,39.24427857501773],[-9.198441927955814,39.23480504020889],[-9.186504660194158,39.22699781474592],[-9.186501119722909,39.21792087941912],[-9.179004793882324,39.21344792494105],[-9.172397442643723,39.221395632299114],[-9.159427451981117,39.222189177662706],[-9.151798374567917,39.23349392600051],[-9.14258081218546,39.23081504959324],[-9.135796451340338,39.24109597112689],[-9.126439376077075,39.245455013130154],[-9.122583474025902,39.25230353563695],[-9.12309553949254,39.26869736855027],[-9.108634805002152,39.27623801252473],[-9.10119696269725,39.289696397483404],[-9.075676993535069,39.29832197824908],[-9.066397871448814,39.30989513566836],[-9.038202597535427,39.309495219359384],[-9.025775532067438,39.293309375092555],[-9.004129403872225,39.291504112676435],[-8.99260112786323,39.296694362662734],[-8.984050637950721,39.28752722352423],[-8.975205780217394,39.287095416094196],[-8.983335599561462,39.25560027246471],[-8.981036595260456,39.25134658120508],[-8.962700543049984,39.25549514748378],[-8.937372561938188,39.2399676329419],[-8.925976890189387,39.2377241453051],[-8.919800227462748,39.240794540701025],[-8.911648815451581,39.235995057260375],[-8.90703463191511,39.23926579896766],[-8.907793352580601,39.24439681848986],[-8.877001977672046,39.25169507851969],[-8.864068294487055,39.232062818008025],[-8.843618061665836,39.22409157594867],[-8.835301887990306,39.22529518337504],[-8.82170454245615,39.20659791704486],[-8.81890474246026,39.19470116374382],[-8.826502825071081,39.18590458597648],[-8.855199304825593,39.17870572543588],[-8.87148273890416,39.18725774907303],[-8.88428145859067,39.18672694743722],[-8.89165056759596,39.182957408947615],[-8.897102863042745,39.17340445996827],[-8.906544382591402,39.17233717113621],[-8.908620601823827,39.16778456136721],[-8.881604281480072,39.14889599327162],[-8.868081325247646,39.12922457332283],[-8.86040152492595,39.128294954533935],[-8.835579369595592,39.113272975040665],[-8.825799550774713,39.115594109691685],[-8.798007481981495,39.09629973327987],[-8.802815135374319,39.08865684823868],[-8.781906790074258,39.05840298320418],[-8.801011422284136,39.053545903632454],[-8.818002431027608,39.02960483082811],[-8.85602753175758,39.02915214111462],[-8.85546705419872,39.02344955470562],[-8.84160793168322,39.01779828406485],[-8.860475022953544,38.99819283511699],[-8.864601250464622,38.989271991946104],[-8.863205387592767,38.98000280791328],[-8.874630589842495,38.97188212673836],[-8.85200349097437,38.96339608104379],[-8.850705858623055,38.959902663633336],[-8.891022176855998,38.94416178326583],[-8.894109897955392,38.93361364734812],[-8.891305580955883,38.925101102141845],[-8.910880416440204,38.90363064317652],[-8.911404977356938,38.88830216544778],[-8.932764398193749,38.86810823553575],[-8.945303101668038,38.84820299136347],[-8.963451101539919,38.83688852011723],[-8.981604661108085,38.807903663982366],[-8.995898505100502,38.79330794762088],[-9.00318450351234,38.81017231624887],[-9.00899832152485,38.811007155896846],[-9.01478024342562,38.82382965098539],[-9.019997377249915,38.82500684361242],[-9.030336309480457,38.84924399917344],[-9.068690537363894,38.81597375413328],[-9.086172983336343,38.795946278744175],[-9.090036046326798,38.754490757560625],[-9.099804507233792,38.724902589556656],[-9.113603334851627,38.70930451760886],[-9.146501019860981,38.69440414307345],[-9.18298533705233,38.6922385113436],[-9.207800841080182,38.681503961260425],[-9.237891092791301,38.68260419434702],[-9.231799099858303,38.6929565515325],[-9.242152184240975,38.69875026368218],[-9.281061069755271,38.69851551508292],[-9.312724598019953,38.68377225929381],[-9.316503771970575,38.67600397189508],[-9.325794722088599,38.67350612238569],[-9.328359177553436,38.6776044320637],[-9.346698941823526,38.68070406668986],[-9.392842565770318,38.70207559597298],[-9.414354304950782,38.700906384893095],[-9.41676491014289,38.69677019937891],[-9.4137119386412,38.69320112343434],[-9.426799595212188,38.689404530681735],[-9.439920835317992,38.69571445298187],[-9.460299043055427,38.69510458450042],[-9.48479556051542,38.70680349461662],[-9.48589454441553,38.71199917257744],[-9.47226417191845,38.7365508463536],[-9.471853837717452,38.747268041587475],[-9.474800987352724,38.753603868303216],[-9.491197349054879,38.76300394691227],[-9.494199331887053,38.77560676478265],[-9.500393858098688,38.78100108716905]]]}},{"type":"Feature","properties":{"name":"Portalegre","key":"Portalegre","concelhos":15},"geometry":{"type":"Polygon","coordinates":[[[-8.343495148013755,39.10989676397496],[-8.3336529097977,39.11397757473047],[-8.323250227606803,39.12486854574959],[-8.316395671959881,39.13829652821302],[-8.303794802622413,39.14883525007237],[-8.298797014560918,39.16289571578169],[-8.268806496260597,39.17086654395191],[-8.252598308894644,39.180994485842625],[-8.234488515229222,39.18187009813945],[-8.22499680183713,39.19509655101919],[-8.19988166283004,39.209090509423625],[-8.19649673914354,39.21509613275934],[-8.184578491795746,39.21867416913255],[-8.181595687602734,39.229296054008955],[-8.173084119167337,39.23188654438878],[-8.152469973700098,39.24897974454028],[-8.155895483526486,39.26559983222496],[-8.153196637986106,39.27269752808983],[-8.134498034808653,39.28739463220855],[-8.114906532557438,39.288095030742625],[-8.115993666759353,39.280869185971866],[-8.110069750751908,39.277302512727395],[-8.088864845674737,39.27525138674659],[-8.079443835158562,39.27797133906198],[-8.075595869860022,39.2915980269517],[-8.06825458621197,39.30063287371231],[-8.050510257316214,39.311442539404766],[-8.041196295489787,39.33049699161606],[-8.027441463046877,39.341302633850916],[-8.03099477145364,39.36369630699204],[-8.001757686476989,39.36801492797214],[-7.991097333241379,39.38259599390486],[-7.968079234609405,39.382938539622934],[-7.959889917429389,39.39064143628606],[-7.958496079727196,39.397596485518854],[-7.948893935579857,39.400439918215255],[-7.940877140484338,39.40860604572507],[-7.946756146679201,39.4239088878224],[-7.964597139654399,39.428004935303505],[-7.976016057749395,39.44051285320908],[-7.995396813447429,39.448304323487456],[-8.006296269619485,39.46180191484042],[-8.008894646386912,39.47319875556909],[-8.00127511691845,39.48227753541364],[-8.000911819881871,39.4919947091119],[-8.004994248828481,39.4970002235516],[-7.993796915934398,39.510995904337186],[-7.981326312187451,39.51689148905947],[-7.966906232547358,39.54300794632188],[-7.969992682714957,39.54879973275339],[-7.955398863237018,39.564392440108264],[-7.9483416804427325,39.55785758266573],[-7.910203025664228,39.54819621516395],[-7.906026988779988,39.54112287032357],[-7.873101714858915,39.527896596704416],[-7.848102042332179,39.51091955810406],[-7.8386695709589045,39.51538329691807],[-7.8223970855948535,39.539895627601695],[-7.798074437120308,39.54474591684206],[-7.781997506813003,39.55959602716494],[-7.770093126628302,39.564356878413086],[-7.755397182707701,39.588095803668516],[-7.722064787838501,39.59397223861001],[-7.713001721319709,39.608556008177615],[-7.715994475466479,39.625098205629364],[-7.703997692196173,39.63619632771188],[-7.6718011880501855,39.64889451294823],[-7.648563063994132,39.62499825047006],[-7.637044928906482,39.622925461448055],[-7.597667950792841,39.63935299450347],[-7.59409578578432,39.65099681683953],[-7.57909879038108,39.6587945383118],[-7.552035137550757,39.657697694749395],[-7.541699766428541,39.66369414341288],[-7.532102233087766,39.66219468086013],[-7.527604674228013,39.65589791791383],[-7.526398852223951,39.63436530388349],[-7.5101050526700295,39.618797209615046],[-7.498195193515045,39.589420545636955],[-7.461204260823485,39.572796129322455],[-7.444458250246908,39.54649126879223],[-7.43043102815128,39.5347304378384],[-7.407079792016032,39.53076518053538],[-7.399999837143975,39.533794683053515],[-7.390704416410985,39.5296966084369],[-7.3893436986217855,39.50331057272117],[-7.377022150310841,39.491762303118016],[-7.361024052379199,39.4826083117296],[-7.347802587552966,39.487993566536154],[-7.343099240667417,39.47832122919336],[-7.323001779929403,39.4746952935006],[-7.294207208060903,39.4565993377685],[-7.30532146719195,39.446153996853475],[-7.308218146291011,39.43231109620068],[-7.301404809768572,39.42269839384513],[-7.30260436738875,39.41220160810747],[-7.321626072543773,39.381735018096094],[-7.3115036023120625,39.37099756435868],[-7.306333117927229,39.35639362183274],[-7.310023443526515,39.341781982173316],[-7.307852883127123,39.336634888442994],[-7.28143020671784,39.320537961526966],[-7.268904781338793,39.309397177291956],[-7.2658913297599454,39.30034330768524],[-7.232606055148963,39.27989847264817],[-7.2473913445550355,39.253796116064244],[-7.242005406401199,39.24219926699888],[-7.245064790471163,39.2282555725863],[-7.240005209017556,39.2178996966131],[-7.241405004816538,39.2086037334348],[-7.208624021394491,39.18759413369151],[-7.1937013472872975,39.187293989170165],[-7.134503740954322,39.17099597734437],[-7.132904727046563,39.161001077757454],[-7.139461050187554,39.15041123598788],[-7.136106431100839,39.14450064839286],[-7.14870475652486,39.121068010831756],[-7.142665213789352,39.10835955514754],[-7.105987675408665,39.09955122265925],[-7.096103274211183,39.106325945270406],[-7.053698996852646,39.117693074644144],[-7.038100700399119,39.11809604163393],[-6.996003404698558,39.0992942608088],[-6.98090277867587,39.087797428916225],[-6.959453453220653,39.0545827903371],[-6.9666113665234555,39.03906536815884],[-6.951106341657145,39.023600019737124],[-6.9645791703466635,39.01085004680398],[-6.986603349364056,38.97630259470605],[-7.020133090085711,38.940361528256375],[-7.0274043055282815,38.922903621727194],[-7.049501638627563,38.90851557988234],[-7.039304550968138,38.892399061224324],[-7.039677284115827,38.88390664940876],[-7.033006151047639,38.87879828526558],[-7.0397027867319,38.86430512508482],[-7.068718356119944,38.853713045583184],[-7.090403279098804,38.82000343704872],[-7.098518344585969,38.81534680249341],[-7.129583125529506,38.813055690388595],[-7.153110268102744,38.7952148929871],[-7.16380275268166,38.77980330301053],[-7.195031860270456,38.7656636640885],[-7.203701504030054,38.75150571894373],[-7.216882522772564,38.763011434138754],[-7.22389387357592,38.76200679411378],[-7.232494534279598,38.78269910254627],[-7.212225832428785,38.80693208834381],[-7.2191935823585816,38.821098674098934],[-7.214533838234063,38.82525509444374],[-7.214413750601594,38.83225701218094],[-7.2192894740533,38.8344016305121],[-7.226599632975333,38.82860669760122],[-7.245582763036713,38.8476431366277],[-7.256408764931341,38.847276882428],[-7.259603600514075,38.83740418023765],[-7.272044381666784,38.83652776507196],[-7.279600688331585,38.82760700321813],[-7.29358216012567,38.839543734637665],[-7.300497580212726,38.838606040220355],[-7.306502305609243,38.83050452610289],[-7.321003299654842,38.82550247094454],[-7.323496867777585,38.819438374107435],[-7.319006668332592,38.809502630718455],[-7.354904682536873,38.79793071340478],[-7.3572470928746325,38.80319231023605],[-7.368698541963777,38.80040585249987],[-7.376367972742156,38.80736361112564],[-7.391596967960874,38.8013061081264],[-7.3969259956197115,38.822817621814636],[-7.4060291470204085,38.83723595435671],[-7.424289741344588,38.84799897043443],[-7.408787143988555,38.85584209799704],[-7.415218677396093,38.866176184097085],[-7.42179833956232,38.86490654811144],[-7.427794061555326,38.8770985774846],[-7.4242006437766275,38.90339315802228],[-7.466091380580583,38.92600052692356],[-7.458278608761088,38.93248386637851],[-7.46609321678174,38.9409011110964],[-7.462104950544344,38.94669754795909],[-7.463794567422448,38.95509823702922],[-7.4563908375883345,38.961657538794675],[-7.456561492422487,38.96618092165994],[-7.473834714110874,38.976581329857666],[-7.488194277062407,38.97540497221833],[-7.48912287934718,38.986595777261506],[-7.501897920855926,38.98510551944868],[-7.507016237942936,38.9887962733325],[-7.512599413617838,38.98600589452383],[-7.533510176639611,39.00711922721695],[-7.542689230310014,39.003496249651384],[-7.542306398624167,38.99390644237667],[-7.548822425404658,38.991089862965175],[-7.539704585887764,38.981497832535304],[-7.540104858698148,38.971102935505336],[-7.556105887559802,38.95850519510757],[-7.5636668900971555,38.95806579801203],[-7.564606229888045,38.95250532751622],[-7.596509646059627,38.956408688947235],[-7.604703331012914,38.95352270992862],[-7.620400688634097,38.942406555342075],[-7.62672494931034,38.93119193466264],[-7.624906204732648,38.92400423602875],[-7.638089971115424,38.92170260113407],[-7.637707398303008,38.911504916069966],[-7.6525969173617305,38.912304261987494],[-7.655353864425019,38.91689291863669],[-7.682211432681571,38.92853733576702],[-7.698101054878741,38.912405504071565],[-7.732265798289903,38.93697321594433],[-7.740835026022957,38.9271686351278],[-7.741304619135167,38.91910188830297],[-7.752002346260705,38.90820351249917],[-7.772110147125542,38.90113158195092],[-7.784270932117983,38.90560124225859],[-7.789903119504197,38.895805019072306],[-7.82189834357106,38.89860474941458],[-7.828094678491408,38.90219883526903],[-7.851898608715497,38.90090537152168],[-7.8647501458885385,38.90880808263653],[-7.875995676140403,38.90840482064745],[-7.877660164096244,38.92556955611142],[-7.885801071378547,38.92470655214433],[-7.89499725643114,38.93140264680247],[-7.905404318062497,38.956716110450074],[-7.9146939225841075,38.96100241162877],[-7.924131833592351,38.974250019038976],[-7.945097084892942,38.96730610061864],[-7.950621231720642,38.96958371238008],[-7.968095454352459,38.95156748258323],[-7.995300204628037,38.942304599665825],[-8.007993965042962,38.94524113875481],[-8.022096185138148,38.94080631863702],[-8.023495118189643,38.94899841783889],[-8.015835761165684,38.95775577118186],[-8.020394879710695,38.96400128585527],[-8.015488040734105,38.981473786000876],[-8.035697118460607,38.99090349639322],[-8.047346890459018,39.00734464487635],[-8.055299189430174,39.007104565595334],[-8.070672724329778,39.01544121827068],[-8.079109369312201,39.01364622706549],[-8.084686807127127,39.007409152007185],[-8.083105981709563,39.00239960559223],[-8.089766525774852,38.99146833128084],[-8.087304872014904,38.97610263668453],[-8.103197740813458,38.969205882108845],[-8.113204897065064,38.9910912137218],[-8.119295656526372,38.9950029618978],[-8.120294952451692,39.00399850871856],[-8.11179788437138,39.014394683930156],[-8.102400465884598,39.015354407128825],[-8.10580629710433,39.02270285440456],[-8.12766942391471,39.02265951659423],[-8.129005574014357,39.01220476200069],[-8.14039686669842,39.012504803751696],[-8.149915965304842,39.02541661733049],[-8.163400808744955,39.01510562962487],[-8.17569803075501,39.0197259674363],[-8.192086064653218,39.00788458307534],[-8.218900129263572,38.97820641517503],[-8.227891894488838,38.98739822998988],[-8.221025070160811,38.99239081356203],[-8.226339546859194,39.00295681607543],[-8.244598955233394,38.99940512684891],[-8.260295527973442,39.012302645339815],[-8.267464036732855,39.04962891939729],[-8.281498511928135,39.050404843039466],[-8.290694716275224,39.058702363971456],[-8.291895531261527,39.08031348145636],[-8.337292047368873,39.09655641612931],[-8.343395056744242,39.100302802031926],[-8.343495148013755,39.10989676397496]]]}},{"type":"Feature","properties":{"name":"Porto","key":"Porto","concelhos":18},"geometry":{"type":"Polygon","coordinates":[[[-8.78909494522039,41.41610075625967],[-8.780022016157647,41.44240508695048],[-8.776395977223121,41.47199416241576],[-8.75339483034171,41.466316986950865],[-8.745701117213114,41.468594479382276],[-8.72973106985398,41.45402362922857],[-8.709302560548378,41.45349490145894],[-8.700326304015956,41.44314526384841],[-8.68319979963853,41.449195165527215],[-8.668101921645697,41.444596288281794],[-8.657403967832632,41.43629690349195],[-8.649544710114291,41.42014737239497],[-8.622704186785311,41.41489491496575],[-8.621003920455697,41.40992457234592],[-8.614859382310305,41.40842910937814],[-8.605201283811759,41.412693817569796],[-8.596284139536928,41.40144460112514],[-8.590605132574574,41.40009617726655],[-8.591703869277177,41.39390401100399],[-8.610164963096015,41.391206993938034],[-8.62208449631762,41.38237773182076],[-8.615405025610457,41.364499203473954],[-8.616050316931197,41.354249195879525],[-8.607026042917926,41.339809108938525],[-8.597799462151823,41.34689623622103],[-8.519289203473184,41.34622440870601],[-8.516295601784169,41.35609806126826],[-8.501396665993935,41.368295517221064],[-8.483303586777675,41.368527683059],[-8.455100061203296,41.37559456495511],[-8.449302547754554,41.373996244420674],[-8.440688885268473,41.36333023880845],[-8.431921720871722,41.363068817377425],[-8.399399016976265,41.38429466409661],[-8.384309804931945,41.38089775758571],[-8.394154353866297,41.37241172498858],[-8.39072279134339,41.363843185387466],[-8.378802060746436,41.36829417397343],[-8.374054797420623,41.3628074090449],[-8.358090514665657,41.36493369308091],[-8.342698557914591,41.37559604742847],[-8.326105289246788,41.376895215438026],[-8.327534044946615,41.36535686498834],[-8.316666112406441,41.35166800233792],[-8.296860449083844,41.341797844263496],[-8.287332214953961,41.34124696689392],[-8.27806620846828,41.34707282236364],[-8.273948829226208,41.36236256152745],[-8.277893123177824,41.369398203293045],[-8.26047647892274,41.37828601899713],[-8.246095238929309,41.39419509683898],[-8.222727162567928,41.39418394527288],[-8.223294159914378,41.409596235552634],[-8.208808091680309,41.411394501211646],[-8.185502784152428,41.40999576808988],[-8.177812899224087,41.3978514630923],[-8.165801976999589,41.400294660850165],[-8.157626402011124,41.381476262364906],[-8.139606282917764,41.37769651459705],[-8.144047998315505,41.36248652490244],[-8.130804972543215,41.35529716616019],[-8.129445659031326,41.34857262850734],[-8.122200790935239,41.34423579609682],[-8.115499968196445,41.34639366249636],[-8.106071313230153,41.33933706643328],[-8.092402320767988,41.33689613556606],[-8.085047832353302,41.32994046409381],[-8.069997654478827,41.343295132761774],[-8.065405065173767,41.3432951549449],[-8.064066661312303,41.338352513605784],[-8.049003382425848,41.33179520493393],[-8.038610122964869,41.32057723310772],[-8.0298536729149,41.31920455176043],[-8.022175844050805,41.32332834668699],[-8.02229377005944,41.32879696897154],[-8.008440189953124,41.33278022921375],[-8.00409622049091,41.341795909396176],[-7.989667089672668,41.34720268994285],[-7.987595382711506,41.35619822008797],[-7.974198866647677,41.37519382777132],[-7.9699050006885335,41.37229811402956],[-7.970422094924935,41.36072035852769],[-7.956601887304586,41.35899465640961],[-7.947305346638946,41.35259834631922],[-7.950003219417662,41.34560356532749],[-7.9594182101674935,41.34219966580018],[-7.963931435685925,41.32970489399779],[-7.955228804808104,41.32310570453515],[-7.929302197078085,41.3179948600099],[-7.907607613217427,41.30269958336256],[-7.919815904882798,41.29101843738477],[-7.9147993107037475,41.27424329497489],[-7.9005026712862785,41.27039583564953],[-7.894104939506738,41.26039887122289],[-7.894136741829484,41.25003759781197],[-7.8756059261155364,41.24199870606506],[-7.893687368078577,41.209560495735914],[-7.888005591271309,41.189100927670914],[-7.897843187170932,41.173855884091104],[-7.88940936858298,41.16309962159137],[-7.901804005160976,41.155616553484414],[-7.901205092978205,41.147301517114535],[-7.911875346813803,41.13848228902997],[-7.911904914234116,41.119904347064164],[-7.93069967060145,41.118105429509406],[-7.951281135452009,41.1222843693815],[-7.962101398562422,41.11360496688098],[-7.9725926766924005,41.114930830113956],[-8.056600466080937,41.08960436858836],[-8.082698482760698,41.09170453892889],[-8.09715055577109,41.100272524924634],[-8.135500343714844,41.08380555631459],[-8.203933479783423,41.09383745299027],[-8.221801699566583,41.07940400964066],[-8.234021592556545,41.07840497870384],[-8.244201846727188,41.07010522076862],[-8.259443339914355,41.07020959790752],[-8.268600816944202,41.06420502840444],[-8.279897144230777,41.06740373197627],[-8.28639365719601,41.0778970943799],[-8.294307034364715,41.079720416986746],[-8.313402145492077,41.059004306983674],[-8.327409425740056,41.05743217315779],[-8.344801965006642,41.04170477055507],[-8.356398846747386,41.04120529497991],[-8.374143704470917,41.05005922596813],[-8.393422635519519,41.05037584779308],[-8.400217323762243,41.032891708608965],[-8.395407107484168,41.02630639784268],[-8.38340637367364,41.02349674690003],[-8.387487475272893,41.013391329250865],[-8.384205988229136,41.0037024764863],[-8.389198347893837,41.001406027379986],[-8.397349966088376,41.01229083645448],[-8.41519830614096,41.01510538648959],[-8.429996305744112,41.02250352050701],[-8.432994731794043,41.02929961263707],[-8.43007968230335,41.037933776168465],[-8.446465668783013,41.05220937927907],[-8.456800700470248,41.04240524441353],[-8.476734971860923,41.05272279106953],[-8.485996175317716,41.05201189861633],[-8.490017273296132,41.039185340821696],[-8.46661337229961,41.03030020116016],[-8.488855352156659,41.02300728528931],[-8.48920558403102,41.01340286509695],[-8.50119976482677,41.009405653939254],[-8.515196640101419,41.01540363733613],[-8.53005185590838,41.03909664489774],[-8.553975321378434,41.0269517461344],[-8.557203594838922,41.015604212827796],[-8.593598119365856,41.01410500226589],[-8.60704315235289,41.025197562902726],[-8.635400757132807,41.01520575066913],[-8.64499577207016,41.016004334410134],[-8.646958642432232,41.03273454764779],[-8.657095923664425,41.04920118316965],[-8.657512350110336,41.09011121964194],[-8.665495362859563,41.10590071180606],[-8.66375121247836,41.11705120269909],[-8.670895225048953,41.13140022740648],[-8.66861383213462,41.139762945427385],[-8.679261687515726,41.14511492717061],[-8.677106366721002,41.150221087864146],[-8.69129448603568,41.16880113172393],[-8.691739468264442,41.17652722046922],[-8.704040990532935,41.176722177572486],[-8.701526416970452,41.18171580332221],[-8.706428084930236,41.18469152368682],[-8.710225692701744,41.1805580157815],[-8.706366125573686,41.1760699955126],[-8.708238253216821,41.172690501512974],[-8.712294389562237,41.18229864376569],[-8.707146541010815,41.19154261548919],[-8.716195999024059,41.20280165011174],[-8.717599656027314,41.22467750071512],[-8.72919472593236,41.24260020945545],[-8.724500818030315,41.256362502265404],[-8.742494339242207,41.31010066569661],[-8.740562011693084,41.33384510407349],[-8.755395652623069,41.34270162973769],[-8.755649249609935,41.354911471725245],[-8.76229555667529,41.36120176369101],[-8.76310304745903,41.368720840785265],[-8.771693030504778,41.370413887458966],[-8.770172459833976,41.38032358405113],[-8.78909494522039,41.41610075625967]]]}},{"type":"Feature","properties":{"name":"Santarém","key":"Santarém","concelhos":21},"geometry":{"type":"Polygon","coordinates":[[[-9.001495814816073,39.35479931567905],[-8.991695335934443,39.3758964549964],[-8.971398413486604,39.39319505049153],[-8.945176942543577,39.39270928770769],[-8.932395422395501,39.42319753711263],[-8.903397414988081,39.46599488791615],[-8.89234236161423,39.465731189293905],[-8.880998331888895,39.47439470466313],[-8.846212299409023,39.472563873773176],[-8.802400127492218,39.48299457313986],[-8.759176055433803,39.47577714131866],[-8.731942607513847,39.48076662760943],[-8.733083236618073,39.49929902458489],[-8.74339610314363,39.5098021244307],[-8.746494610821115,39.52899743308068],[-8.733800452346074,39.536294172979815],[-8.71324955644498,39.522417391766204],[-8.695355444374204,39.53278801909431],[-8.687596475950574,39.55069719319209],[-8.673416337300916,39.56219188396215],[-8.68549522235759,39.574403176527014],[-8.689495804031703,39.588800371136855],[-8.687692886541726,39.609858207382025],[-8.702195245220423,39.635500463022844],[-8.700296693990662,39.64109627100957],[-8.681009116138526,39.64524088063099],[-8.67629698372728,39.65079600153116],[-8.649833106530892,39.6606759039832],[-8.642662236626176,39.67328812806693],[-8.645994468394495,39.680499547942325],[-8.634212938980083,39.69426403549806],[-8.640918955897483,39.70136083969806],[-8.679195607252032,39.708903710252194],[-8.67949505126437,39.72049641870335],[-8.669917986407688,39.7264415952885],[-8.68149442474349,39.74850105480574],[-8.679895306560342,39.76939816324859],[-8.676096518420662,39.774195255123374],[-8.634999134808039,39.7898944009046],[-8.61100217903526,39.78849581456974],[-8.604085446816859,39.78007226117092],[-8.594435206818629,39.77720065624189],[-8.585246494702453,39.779305983811184],[-8.575198013870004,39.787496557739615],[-8.545807207940769,39.79826866912511],[-8.539495710729078,39.80809591381598],[-8.526854610207057,39.816973101092934],[-8.52419610679424,39.82769544157265],[-8.517502278312504,39.828094672472496],[-8.505634457926577,39.81726823254625],[-8.493897832542642,39.829796019822496],[-8.478000564851486,39.83869354458245],[-8.473884023206956,39.82058560741218],[-8.462305196295937,39.803899125026454],[-8.46531813466794,39.79257661338335],[-8.462723759225174,39.77407515452088],[-8.450605252000509,39.754699542042395],[-8.454677474069237,39.74392079521563],[-8.44890376985291,39.73518646589106],[-8.430603497563663,39.74129279767503],[-8.423295453454063,39.75399622924385],[-8.394500842712283,39.76089483470855],[-8.379597580160258,39.75297919656234],[-8.36129785247505,39.76849519733487],[-8.345100297919737,39.77439379054128],[-8.333680451323147,39.762276447829954],[-8.328909682655546,39.76224545319701],[-8.325769881359244,39.76614030587429],[-8.330194782888249,39.774800650255045],[-8.326488311289413,39.78747633044798],[-8.335894906865335,39.798701104607176],[-8.334397036141322,39.80329410579855],[-8.304481486984356,39.79333880078848],[-8.285403767657508,39.79619448112443],[-8.280777688510849,39.77707948736018],[-8.263711068906611,39.769784550256276],[-8.243601394839157,39.77919427359732],[-8.23210419671718,39.76279812221478],[-8.227705644305399,39.74400164214639],[-8.235846756442402,39.735402399041774],[-8.231605382457733,39.72559951585236],[-8.237588790768022,39.70916324870488],[-8.234894409158668,39.705076494312],[-8.22540541370288,39.704997880885585],[-8.232259475246359,39.68298876869036],[-8.229005795909055,39.66480046387596],[-8.233591858904903,39.647662672096764],[-8.217442962215367,39.636517708826986],[-8.189901612763627,39.633195114433676],[-8.175052470067055,39.62489360391998],[-8.153403736205922,39.624095718412036],[-8.150223428839649,39.617545270798374],[-8.139384978300193,39.61248573366339],[-8.090913244044998,39.61288925722623],[-8.060920389976387,39.62132523327948],[-8.0679941390746,39.63470091134859],[-8.066907694661902,39.641071326564926],[-8.078794033895292,39.657000243019354],[-8.07139766580802,39.66869561615108],[-8.061629351278517,39.668716352637],[-8.057746201404086,39.673651950457575],[-8.06239454136443,39.69259956580812],[-8.050587991364491,39.71831957257048],[-8.055193999504484,39.73589647662511],[-8.04559795001948,39.738358456136545],[-8.036201581975988,39.74679308682208],[-8.023871129198612,39.74029712217394],[-8.0047014011539,39.74329504711776],[-7.99852835673625,39.7329367884209],[-7.990015132190464,39.72904312971135],[-7.973574906226823,39.737567415006815],[-7.970097318447447,39.74599422889308],[-7.957889415448833,39.74113562078856],[-7.94970986938015,39.679600856964726],[-7.955958319235507,39.67591847122477],[-7.956287430668802,39.66299313408884],[-7.9353738366723015,39.66063827099748],[-7.92759503339429,39.66769559821145],[-7.914704340091821,39.66839516081746],[-7.906736059900648,39.660847592408636],[-7.897506109473316,39.658896392285946],[-7.888571769873836,39.6437015164466],[-7.875902354112126,39.64259585070819],[-7.870576721348032,39.63684522113335],[-7.864803197880284,39.6382937934145],[-7.858106721021225,39.63079675361596],[-7.857876629318724,39.62476534402579],[-7.848004801754439,39.62319551219497],[-7.8470551353461095,39.60915215273269],[-7.838906198430857,39.607895179529336],[-7.839521390133428,39.60238794408506],[-7.832409227561971,39.59979619545961],[-7.832339214356586,39.59429621113257],[-7.817004384854995,39.585494462163915],[-7.816449251844222,39.57404691518415],[-7.810503883826291,39.571395414873564],[-7.809005337087184,39.56580237116818],[-7.821866292808414,39.55842148825578],[-7.827181751420965,39.542939312937676],[-7.825105890217157,39.53740022965997],[-7.839103766464843,39.51470447776654],[-7.851099193056058,39.5099052464538],[-7.873302502665195,39.527958341162936],[-7.906696234782213,39.54130412009182],[-7.911250510876632,39.548391270574925],[-7.956661560432973,39.56112208846149],[-7.966948858434737,39.55038089849227],[-7.965606075377292,39.545198836151215],[-7.9818031777530924,39.51600355421132],[-7.993879039901536,39.51076987116896],[-8.0030533469816,39.49932131315919],[-8.000874773346878,39.484470660214534],[-7.9950126961935295,39.47980320145108],[-8.004264469892068,39.47865822277009],[-8.00865280570994,39.47220371200023],[-8.006121669705609,39.46168430084439],[-7.995481722370374,39.44853470255275],[-7.969002453895974,39.436495235638894],[-7.963848983811083,39.428016791089085],[-7.94670324702401,39.424195775917354],[-7.939505340407294,39.41000080873468],[-7.949002967490082,39.400205018083966],[-7.957666294810571,39.39736465086071],[-7.968701749964952,39.38230469991358],[-7.989240440860608,39.38279920168429],[-8.001202747545,39.36790457721152],[-8.028857388364893,39.363350461965176],[-8.026505606999375,39.341602120623904],[-8.041225174992634,39.33027117478542],[-8.050103681547991,39.31160332413919],[-8.068641030884203,39.300157651209965],[-8.075573812737453,39.291377386687465],[-8.078504124392175,39.27790390312875],[-8.088500341718987,39.27520406634418],[-8.110298394937617,39.277305975672576],[-8.117294544739885,39.28050242355005],[-8.11896406573697,39.28765519873862],[-8.134884805600677,39.28693858656179],[-8.153453239372864,39.27198757439758],[-8.155659071229094,39.265033178652715],[-8.151205613676854,39.24980181320573],[-8.1811589783614,39.228967877064235],[-8.183604037736332,39.218603589131845],[-8.195764831206839,39.21512593243902],[-8.199104161520923,39.20950386924847],[-8.224470009699242,39.19537354827029],[-8.23390245325999,39.18160438577163],[-8.252352787686497,39.180917994666764],[-8.268602063219978,39.170904733883894],[-8.298486000841022,39.16279872613077],[-8.303537585376054,39.15582703257257],[-8.302705364707684,39.14950187387325],[-8.316330315362066,39.138244101669116],[-8.333526248484658,39.11397796588765],[-8.343399180283285,39.108582180353224],[-8.341913983042634,39.09989206592711],[-8.290804539929885,39.080396286527645],[-8.28968151228552,39.057810267171845],[-8.28119230396219,39.0507420491827],[-8.267803502219074,39.05229513372989],[-8.259175986201903,39.01137644726144],[-8.244495032863778,38.99991509173714],[-8.22685274955806,39.00451669001026],[-8.219305691513396,38.991201154989724],[-8.238467634634846,38.97612570296877],[-8.234405405595512,38.96929759375632],[-8.242804371351724,38.93830245992802],[-8.268880498914232,38.90777127879302],[-8.210304104208824,38.884796372908994],[-8.206769749017383,38.87734337850129],[-8.200900776221234,38.87929382656753],[-8.193280844997059,38.873154298600355],[-8.181799720418782,38.879494010335485],[-8.158708212360352,38.866399441607804],[-8.185124903494735,38.85067188608343],[-8.1875869692342,38.83905360463137],[-8.181703710284925,38.83285413484858],[-8.16620350641886,38.82829663439492],[-8.157105292395418,38.812039364347285],[-8.151309871517766,38.8136066446004],[-8.150695073374733,38.81989461312017],[-8.139801840304374,38.81791851641898],[-8.12430632132166,38.804999614754855],[-8.139816039820058,38.788176026495506],[-8.14160388304885,38.77300501782899],[-8.164698699125863,38.776603768312846],[-8.175596168676998,38.78270306979724],[-8.178497434445207,38.801455483551955],[-8.186010672530463,38.80146703842832],[-8.191801573359259,38.793905452637475],[-8.204892199546931,38.79930183378893],[-8.199406571120571,38.809391135034005],[-8.22082167307295,38.827854490032756],[-8.244700249377255,38.816704425745144],[-8.250897366856751,38.81850548534562],[-8.269393184124278,38.83150106757378],[-8.266160995825377,38.84185472293454],[-8.289913224847792,38.85255253734769],[-8.298174516422353,38.86087668043257],[-8.304952896127,38.85899068912483],[-8.310201404906472,38.84490894472556],[-8.322427032309841,38.85717477639216],[-8.341701763910793,38.83880487169659],[-8.34919821654985,38.839504436768166],[-8.367240267455662,38.853718820320225],[-8.377889638046241,38.85579177920403],[-8.3868320736894,38.847938197417136],[-8.381807547418349,38.840900446964916],[-8.409100487720034,38.82300521892445],[-8.417995733883226,38.82670319446549],[-8.420791846928857,38.8359885932768],[-8.430489215171068,38.83404613757324],[-8.438878982746601,38.827106792762294],[-8.448904284338917,38.80780394806767],[-8.47109891575155,38.793906109944956],[-8.477618068850008,38.80158535218306],[-8.501013027225234,38.806678637318754],[-8.54820039237384,38.762705995217075],[-8.557604372284953,38.76927279767693],[-8.5715922794393,38.77183491409484],[-8.584499724520972,38.76670571373811],[-8.612793363223055,38.78250176593665],[-8.604675950352151,38.796344149747696],[-8.60599503923919,38.82639730212451],[-8.59980398593477,38.83106994360873],[-8.600432373514288,38.83996972437357],[-8.612375896631299,38.83879361343385],[-8.628680683122997,38.830911917775325],[-8.639302699735774,38.80930487190176],[-8.657297755492221,38.81150545842218],[-8.670317353455562,38.8218454015178],[-8.685996973815193,38.82660446374795],[-8.700827161004332,38.841675444586365],[-8.743635442373357,38.77783441550055],[-8.749904553095059,38.748802531932455],[-8.758602178260704,38.74050348249693],[-8.779100881990532,38.733905926521615],[-8.791598287690979,38.734105120954545],[-8.801590644172524,38.741150395451136],[-8.810298386126782,38.74010501252838],[-8.824322388706381,38.75438089497114],[-8.839729976505971,38.76142887755947],[-8.89229978569796,38.741305539127346],[-8.90436537364767,38.745716302987944],[-8.907612941606489,38.737600907409195],[-8.899018042447157,38.73190499965941],[-8.910096436460247,38.732604304636595],[-8.913485382844437,38.744478145790886],[-8.923995686706045,38.75060368525419],[-8.94187966270878,38.800350291663406],[-8.968494431812395,38.82780125658044],[-8.967032645539756,38.83210423975005],[-8.945352602814824,38.848248757671335],[-8.932897118966816,38.86799783530823],[-8.912115120521355,38.88773650410379],[-8.911295826343308,38.90339835406225],[-8.892137688078618,38.92465648419769],[-8.891396238640107,38.94449663293559],[-8.855032675794211,38.95924299581629],[-8.856563644941497,38.964717316717035],[-8.87838917872065,38.971801000934605],[-8.864551087044417,38.97960130248925],[-8.860396894024065,38.998397760688455],[-8.84484192515943,39.014181699118446],[-8.860695297257218,39.02869528542856],[-8.817037545930983,39.03027594146045],[-8.800696795643983,39.053995623538675],[-8.786483566871823,39.05810902400857],[-8.784342981872557,39.06210262018367],[-8.793717849751467,39.07941381654159],[-8.805192825460914,39.09049969539758],[-8.800857735577619,39.09485575256144],[-8.802080643011152,39.099109734671075],[-8.823807129298688,39.11412404579612],[-8.835797816740556,39.11330536342157],[-8.859870398643922,39.127952902389076],[-8.867997629347338,39.128604238277156],[-8.881790506247818,39.14901738422467],[-8.904497739524036,39.162504093695844],[-8.913089558233109,39.173893530731696],[-8.900991316698207,39.17216082167663],[-8.888397624298998,39.185495671461595],[-8.874997085950094,39.18768417858591],[-8.855414690107448,39.179153689141465],[-8.827163695375638,39.1857520852564],[-8.820314712519563,39.19850765920374],[-8.832375454039546,39.22221538860089],[-8.862297312285508,39.23040380461406],[-8.877345200327674,39.25115655789998],[-8.903372064862433,39.24425607951152],[-8.911600249379202,39.23490559422267],[-8.919065397276475,39.23990507414181],[-8.937398533622229,39.239903734380256],[-8.962556970111944,39.25506530659308],[-8.981297868330014,39.249405943379706],[-8.983894480360494,39.253500867510006],[-8.976507558591042,39.28389962905963],[-8.994494468425842,39.29670136126907],[-8.98701269229612,39.31848626302673],[-8.999095083715366,39.33320217606724],[-9.001495814816073,39.35479931567905]]]}},{"type":"Feature","properties":{"name":"Setúbal","key":"Setúbal","concelhos":13},"geometry":{"type":"Polygon","coordinates":[[[-9.26298877501868,38.66269801599513],[-9.25190580444247,38.665610422050825],[-9.25129329360354,38.67249041700473],[-9.24546525644643,38.66981097863451],[-9.240597474027402,38.674795813999864],[-9.180103223572901,38.67911892337306],[-9.146405178343223,38.6882936975888],[-9.14616355906203,38.682290207552704],[-9.14200928712446,38.679898031767664],[-9.145339464279552,38.67391952758239],[-9.137802953520247,38.65956249050554],[-9.099265390601106,38.64942927376266],[-9.089497448803153,38.66209642455108],[-9.061549456116559,38.67518977356627],[-9.061094232304514,38.68269590051604],[-9.048733369119164,38.685126686842814],[-9.046494945216251,38.7129972736576],[-9.026022759774447,38.72597211055552],[-9.02737542839404,38.73794818733621],[-9.030990963341502,38.74080385579381],[-9.018198219054769,38.75629522382919],[-9.004321509937183,38.75649042005135],[-9.010393407582429,38.7649015272164],[-9.001497137069569,38.778796777410605],[-8.96289863821592,38.79182258188767],[-8.965990055344006,38.798434435715016],[-8.98819316613776,38.79190231512034],[-8.96699926836518,38.82609261193401],[-8.94180501430454,38.80039686028652],[-8.92415362523813,38.75128562851504],[-8.910031826645262,38.74251326621847],[-8.903998738730596,38.74689399594027],[-8.890857850213846,38.74169825056856],[-8.840199203618813,38.76169495625244],[-8.832501704360855,38.76059612521358],[-8.810337665471158,38.740994700624796],[-8.801901213597352,38.74159472985558],[-8.791523023705334,38.73441515325273],[-8.76670773318936,38.73788910277755],[-8.753397265622331,38.74427430321076],[-8.743896287198574,38.777498361391984],[-8.70626521340482,38.83322818271919],[-8.704589573937913,38.84171040327918],[-8.707960656399708,38.8453794259963],[-8.696902352622358,38.840396733259134],[-8.684471919602204,38.82614991327969],[-8.667801947380365,38.82109637484765],[-8.656833455513308,38.81152846355829],[-8.641795528433262,38.80962378077214],[-8.62929642964061,38.83069646517041],[-8.612198535275512,38.83889522368081],[-8.596106763254689,38.8412944668232],[-8.605760049039498,38.82514722638882],[-8.604504273433683,38.796300989170625],[-8.609530271353965,38.78051428202182],[-8.585084304174016,38.76723072210124],[-8.572399414480177,38.77199503449592],[-8.557401474895219,38.769296288170466],[-8.547555227026365,38.76281917457211],[-8.514500256221247,38.76489410137588],[-8.491004743145096,38.76129633897135],[-8.4917046877711,38.754602924813426],[-8.505349983663635,38.74595332051417],[-8.510521044180173,38.73625793984125],[-8.508829900205184,38.72788078203537],[-8.500904862471145,38.72219745288631],[-8.501004955255485,38.71550358038681],[-8.519712508290603,38.70883466469776],[-8.531203750268626,38.69190376654295],[-8.54070285619866,38.68570568624423],[-8.575858209186435,38.67267182607644],[-8.601502283634602,38.64590509524415],[-8.612798504725152,38.644196388929394],[-8.63670365556202,38.62040514951614],[-8.653900042046118,38.611557027841435],[-8.65775226700091,38.6025318819438],[-8.64090372920741,38.56749894787192],[-8.63867691769361,38.551671599973],[-8.615800544543324,38.553095694819795],[-8.589895837127353,38.54242244429843],[-8.575203626869769,38.54789359769088],[-8.571301554049445,38.53200152647152],[-8.532403768458796,38.52809571339953],[-8.525993779263347,38.51249611941577],[-8.507131835686533,38.51978423171728],[-8.507316140212074,38.52677855613275],[-8.520192282787038,38.542897578618785],[-8.504499292500128,38.54749444692258],[-8.49500441954946,38.547195186823686],[-8.491339131871744,38.53097756993066],[-8.480103438665457,38.53319388364296],[-8.473321431279059,38.518016481853714],[-8.445501855091369,38.52739466950394],[-8.440909360162893,38.52218991687519],[-8.422739509500618,38.521134838403654],[-8.410485206809275,38.52522848758304],[-8.39969728580482,38.53749567406624],[-8.369102571448702,38.54569442224125],[-8.35960604335197,38.52612544602472],[-8.336003993500285,38.506996706544626],[-8.310306097087398,38.458502092720934],[-8.323356243218182,38.45185208575817],[-8.322538546301944,38.43863110284602],[-8.29140263897035,38.438995282756906],[-8.284407585803757,38.425604388577035],[-8.29153836156243,38.42499937485947],[-8.293835947805054,38.4211415543568],[-8.283708171347447,38.412100017871296],[-8.301409189140122,38.39952682736966],[-8.316719921754355,38.3797595921925],[-8.316315262440526,38.37497197012971],[-8.277303216001293,38.371495838516175],[-8.267446629564057,38.35335019551411],[-8.197701772884374,38.342596100598286],[-8.170693674960956,38.31984607239491],[-8.161402244886226,38.31789589598723],[-8.14316297261747,38.29786916664542],[-8.136697557007999,38.27483934003929],[-8.129705067248823,38.26629814789736],[-8.129904704092374,38.22400395079176],[-8.165391220089518,38.21757160612411],[-8.203100886765018,38.20070541601788],[-8.221352238474596,38.20192780521378],[-8.244000295849954,38.178705636677435],[-8.25382515761831,38.1821700093252],[-8.266298935233682,38.18010485600728],[-8.275352597136337,38.186140361508144],[-8.28324383602303,38.18609582073721],[-8.289664508483321,38.17081374699555],[-8.287104748860514,38.16120061702239],[-8.291699335637857,38.153160864790294],[-8.291104905005263,38.13870453721796],[-8.31049858257226,38.13810453138792],[-8.332512814502271,38.15250554773911],[-8.338003591772852,38.14120519474936],[-8.354799174828074,38.1384501288104],[-8.35350434775678,38.12130078656421],[-8.363403210677228,38.103904785746714],[-8.369598269999054,38.103105173215084],[-8.386751124249695,38.114336072266134],[-8.3943262534933,38.107167290186965],[-8.400703937524677,38.07880268203533],[-8.408756219597912,38.07229034463884],[-8.40703239473646,38.065701343328854],[-8.394761340300667,38.05295325034799],[-8.371905316503094,38.041897488539085],[-8.372033866016517,38.03103674042018],[-8.360275048914646,38.02484370475451],[-8.353101815116405,38.027394145984815],[-8.347062675581226,38.01829044102364],[-8.319007793347827,38.0261931508699],[-8.320280861354123,38.01987655725605],[-8.305704467510978,38.0068979522245],[-8.304971727385487,37.999317176230036],[-8.2936045698773,37.993297216946054],[-8.295904230633774,37.95100132062868],[-8.306027254688615,37.93137734556917],[-8.300106591002484,37.92409923151522],[-8.308257959987296,37.911917622034935],[-8.299406556338875,37.89920127539255],[-8.311638629526145,37.89167892522846],[-8.311104904174135,37.88180223920008],[-8.334210731958558,37.86666574798296],[-8.330805992746965,37.847006198825774],[-8.357797411702048,37.85420567837056],[-8.368234983120816,37.86093991569799],[-8.38579984707016,37.86030370861468],[-8.433643589976175,37.870593959329334],[-8.439662352059838,37.866682968294384],[-8.440504203558518,37.86000578050696],[-8.461647333652655,37.86529533423832],[-8.479301186213663,37.855004185763036],[-8.53275722294724,37.85483667585942],[-8.5515100778202,37.84606719646951],[-8.549105321827144,37.815905260151666],[-8.56648699949042,37.81811767347671],[-8.583010442510895,37.80016315417214],[-8.582205497121661,37.788001545092015],[-8.589732768086092,37.77784423871754],[-8.582510104663767,37.76580300000885],[-8.587286751628623,37.763401002834065],[-8.58710534062348,37.756805558626006],[-8.606418143594475,37.759864753622175],[-8.62009945801702,37.74940608677288],[-8.661448775478013,37.76798080919601],[-8.670403083295724,37.76489706753214],[-8.676702799701184,37.755404532922945],[-8.685997068879026,37.75440499338717],[-8.694968760823556,37.77501458507258],[-8.707296321985735,37.77890399657049],[-8.711647252154501,37.790580986253715],[-8.73649740447697,37.813412000090324],[-8.75795051813125,37.81529129145105],[-8.776201244382106,37.80490518159026],[-8.782696137401063,37.80720355049408],[-8.785577424703819,37.816966546525],[-8.792994409962573,37.81960373954507],[-8.79007169672254,37.83777926264873],[-8.796095269654966,37.85210035623505],[-8.792663164989174,37.8665827644286],[-8.800323733424754,37.9078928184943],[-8.807273011674491,37.92373135688689],[-8.837840940324982,37.93747128705704],[-8.848394873413527,37.9313470772105],[-8.847524494584809,37.92562077882759],[-8.86637707621367,37.93858861700202],[-8.860112965502566,37.938818832803044],[-8.859414672798613,37.94520593162894],[-8.872044929213082,37.951081844826085],[-8.887178325136292,37.94698482418685],[-8.88949204201709,37.941262304743624],[-8.883852909262531,37.965210054253696],[-8.871992151524886,37.96941698335855],[-8.861309173533906,37.983505891028706],[-8.825513672321112,38.04951537112969],[-8.797551767025514,38.11931979790396],[-8.781311237214785,38.17850228744929],[-8.775713594363204,38.22300058244574],[-8.777940089418948,38.278843842857505],[-8.787619149684563,38.33759485831436],[-8.804858826378293,38.383076811687886],[-8.825854348680156,38.419522178956065],[-8.910295942360083,38.48700226344963],[-8.911705691446908,38.5008497961469],[-8.919333543311696,38.50929343089839],[-8.925607432448581,38.50573801676231],[-8.933988684786106,38.48834978090425],[-8.942201065550435,38.483704587107425],[-8.961115108376346,38.484713090929084],[-8.980215257901868,38.479303005611186],[-8.996902310554187,38.460703467773484],[-9.017576789770818,38.45388570848945],[-9.028801059182868,38.44590564706764],[-9.038362453781358,38.44761378235572],[-9.060874717360207,38.43987614623947],[-9.064202497907349,38.434804891341706],[-9.103999674227836,38.44218032252236],[-9.113601766875174,38.43460550780873],[-9.12947155759648,38.43298889303125],[-9.134201853626196,38.429104851420185],[-9.167112505622349,38.42983344889425],[-9.196101124519421,38.40950479665779],[-9.222891867103575,38.4137030401464],[-9.205952995803669,38.44870627188442],[-9.193883494240067,38.46247479373873],[-9.184702675048772,38.487741043549704],[-9.182698621569577,38.52479310784788],[-9.18782781870703,38.55029084166693],[-9.219023400698335,38.616785468566896],[-9.247876304772204,38.65300511723211],[-9.26298877501868,38.66269801599513]]]}},{"type":"Feature","properties":{"name":"Viana do Castelo","key":"Viana do Castelo","concelhos":10},"geometry":{"type":"Polygon","coordinates":[[[-8.881094598128584,41.75269981721333],[-8.871752763079495,41.7793113504308],[-8.874295469074927,41.795998640156334],[-8.867035209858205,41.80925194575782],[-8.87689609971724,41.82980065985282],[-8.87609525057078,41.840397852308044],[-8.867957586077244,41.84963900855569],[-8.871494291577985,41.863897718378084],[-8.852382631962387,41.875349125867615],[-8.818397654565501,41.911295306541895],[-8.788393474656015,41.91478268294844],[-8.757767665602826,41.932161217205866],[-8.748899931319551,41.94142513757595],[-8.748495157358047,41.96079821684835],[-8.744196865383879,41.965896047643845],[-8.716098779866018,41.98019703777185],[-8.681165340172452,41.99107767445852],[-8.662670843212904,42.00253493296056],[-8.657595451146541,42.03009727180478],[-8.630097545562915,42.050194367524654],[-8.59540042308936,42.0568942860145],[-8.580790986658558,42.05194494205071],[-8.546813821759086,42.05405826127059],[-8.527023522028962,42.06282411738469],[-8.526304133112834,42.07700726650607],[-8.451200084846079,42.0826955221523],[-8.439802212318776,42.08139505540048],[-8.42863596840877,42.07290932286676],[-8.40479948301987,42.08039629095797],[-8.382665031112479,42.076170230422285],[-8.370997357457727,42.08829569247477],[-8.36250003581215,42.09049448469454],[-8.336836641265531,42.08401684780117],[-8.325970001941648,42.089509821623814],[-8.323695904112656,42.100297342346394],[-8.317098614172016,42.10449480420057],[-8.30355557947689,42.10423775845526],[-8.273699000690224,42.12409507087235],[-8.260090395599212,42.12221842449212],[-8.253596057486376,42.1366959223535],[-8.243994573267472,42.139769775553695],[-8.231117463158176,42.133140985013576],[-8.223233402363698,42.13359669374564],[-8.20673418043565,42.14115006466453],[-8.198799851467324,42.15429156016706],[-8.18801123054233,42.14349338525518],[-8.193149632187094,42.12734292910815],[-8.184905446619867,42.083300397722304],[-8.187612273100774,42.07385697946745],[-8.18317210810617,42.06670353607856],[-8.170210493976034,42.0674387743293],[-8.149599361867452,42.07929448132666],[-8.137592350116499,42.07602650072683],[-8.118700231977346,42.08229536735734],[-8.096603598763092,42.07229630700655],[-8.084503982863707,42.047298898702245],[-8.08280397383074,42.028200355015876],[-8.086004484479673,42.01650324581101],[-8.114914280458022,42.00492700752692],[-8.127680014791672,42.00512324188118],[-8.140802538592865,41.98870378003182],[-8.161612169793916,41.98261298588815],[-8.175005604348865,41.955002314987894],[-8.189330816820508,41.94721427022001],[-8.209729469064479,41.92413297105967],[-8.216457739972087,41.907535354101505],[-8.214645217404847,41.89788490763144],[-8.20130412211979,41.888097606223404],[-8.19865696851629,41.87426266997423],[-8.171703200878735,41.87909434780765],[-8.166732094315872,41.8636934705133],[-8.161805048442721,41.86099665306851],[-8.167403889025735,41.807605127544726],[-8.196505654632613,41.81204832927601],[-8.229301513081607,41.788005284681454],[-8.240390341806364,41.788415350974354],[-8.272199718354313,41.771005848972024],[-8.291776403971859,41.78042786685996],[-8.306802129548329,41.76120524067789],[-8.329996376135014,41.764914693783425],[-8.350600061675413,41.75980443181891],[-8.374554226895055,41.76903855253662],[-8.383102096950134,41.76120415610233],[-8.424762464130339,41.75717525346739],[-8.451560472561921,41.74236550141616],[-8.45420427108208,41.73570346854631],[-8.461612933389242,41.73227649141693],[-8.485995949441099,41.727205539413774],[-8.487703283842782,41.73893465246576],[-8.494618356297142,41.74079008383081],[-8.516193368160673,41.72678497906258],[-8.513705172361847,41.72129694176801],[-8.521803806751599,41.6796045763029],[-8.533532724189145,41.67888278606462],[-8.544589721853393,41.66625369952859],[-8.536305148861562,41.65070014537893],[-8.542330502562749,41.63963154039704],[-8.540705731572508,41.63130351653402],[-8.562803601478196,41.62370702226278],[-8.56869619123916,41.626703866651944],[-8.578304404664879,41.64291665097873],[-8.586238373785424,41.64354108505132],[-8.604099506023228,41.63430527665423],[-8.616296696126348,41.64370685353363],[-8.63019279806351,41.6439046968512],[-8.630148874160357,41.6509898030936],[-8.642391349113149,41.654022248248296],[-8.64771861422273,41.646987104748874],[-8.646305179112865,41.63280341376079],[-8.651203694462746,41.63132889166118],[-8.664466774138633,41.642114614146976],[-8.695761563238378,41.64073138546786],[-8.70630177443388,41.632105168778644],[-8.72496609568176,41.63280037784851],[-8.732402792090008,41.62170374510485],[-8.741998610108462,41.61910558768152],[-8.749858928309248,41.62412302478433],[-8.756285040879145,41.62074002779116],[-8.756804798264053,41.614405061123996],[-8.7762607495445,41.61587305997987],[-8.801398854265452,41.60650520557877],[-8.811597257408316,41.61160702840264],[-8.814332163948537,41.62080655080362],[-8.82229413753335,41.628801360940315],[-8.820403253585532,41.63577803685722],[-8.827394534161357,41.64970092103353],[-8.825194675026363,41.66540900678066],[-8.828139281737355,41.674722767153575],[-8.840700415355219,41.67932265237846],[-8.844524784558185,41.674090002839414],[-8.850545553262322,41.69548293091565],[-8.856941561203534,41.700182733984605],[-8.881094598128584,41.75269981721333]]]}},{"type":"Feature","properties":{"name":"Vila Real","key":"Vila Real","concelhos":14},"geometry":{"type":"Polygon","coordinates":[[[-8.119490421767619,41.689205691036044],[-8.109097229198639,41.703195862501886],[-8.088402435844202,41.71251631244145],[-8.076848617977575,41.74014754950052],[-8.077394610087051,41.74899760811923],[-8.062475953650564,41.76067323809852],[-8.064194284480891,41.786099653186554],[-8.05729643420372,41.79809614443188],[-8.046284808496367,41.805012127725355],[-8.051194708358539,41.819498650539735],[-8.0386981608961,41.82999479373333],[-8.0135729983543,41.830215823270166],[-8.005996068507525,41.84709644120985],[-7.989498860012633,41.860646417773694],[-7.987695960469829,41.86919690195058],[-7.974696040612802,41.87525527879862],[-7.958100846796834,41.87549574385808],[-7.948180472964466,41.87123371468862],[-7.922147707001407,41.87787770216714],[-7.9062965677320385,41.927094683446555],[-7.8847054654470705,41.92429591211046],[-7.887368530699853,41.907128591771674],[-7.884805842316472,41.88090068892326],[-7.891028288590022,41.861402321941696],[-7.874573118430955,41.84859806454454],[-7.8662969372809854,41.8588964849926],[-7.843422010781768,41.866435521088384],[-7.845194234541586,41.88129571709195],[-7.787141352454185,41.88417439884326],[-7.763499112606881,41.89899495139052],[-7.733236479280082,41.89257999129599],[-7.704099576239559,41.90729502436153],[-7.687803065343005,41.90219468670972],[-7.67779017174704,41.89339059235886],[-7.668201870982045,41.8932947245827],[-7.653280859245775,41.88124202868865],[-7.6260436219153895,41.88000568954119],[-7.618399526694828,41.88509411704852],[-7.6071785067580615,41.8796238017794],[-7.585903478673369,41.8818947937564],[-7.584105530486421,41.87570237485164],[-7.6001897841278705,41.867038102086106],[-7.606105735567091,41.848702917733924],[-7.611728260372543,41.84533903303651],[-7.614269892878159,41.83374115596055],[-7.611328789260352,41.83002513719399],[-7.598799517560255,41.83309406576415],[-7.573540231242357,41.82980085761438],[-7.521295286017337,41.84197335134652],[-7.507626589771616,41.850673889403865],[-7.5132948594296725,41.86210016026549],[-7.511397157622989,41.86529633951934],[-7.491302238314527,41.87119423270348],[-7.484070351306798,41.861543766983054],[-7.4503022381306705,41.86329475456695],[-7.445605782841723,41.85779960089033],[-7.448523911741677,41.85235198050841],[-7.446636985021228,41.8438290448619],[-7.425806158610236,41.830198748055324],[-7.429579162318538,41.82222010412807],[-7.420826294142343,41.81250669390077],[-7.397999919852303,41.826235239353565],[-7.3903973242360985,41.84229450542602],[-7.365801167972373,41.85279434032282],[-7.3554191570236345,41.84099612996049],[-7.334899741139452,41.845093441051],[-7.315551353900816,41.842712853432346],[-7.300998285518849,41.851594473201665],[-7.283315572555122,41.85247356181348],[-7.25779846565091,41.865894516988696],[-7.231518171264199,41.86757095911668],[-7.200507565259596,41.8794949531903],[-7.201986021569573,41.873049172743215],[-7.194907047892782,41.86629977054448],[-7.200561772838687,41.86012212929548],[-7.201804979672288,41.84970282769106],[-7.20642265387439,41.84506369457325],[-7.205405571555433,41.8376013357525],[-7.210408607494512,41.83048857513638],[-7.204605531590094,41.81990068762008],[-7.209620003874803,41.811899378206505],[-7.198507673412583,41.802697406675115],[-7.192793441016652,41.78248547391534],[-7.171205297578829,41.769897286686756],[-7.176493887195232,41.75617807671289],[-7.172048420096402,41.744711963461086],[-7.176403480506725,41.73680453881798],[-7.191507175457573,41.73257676415226],[-7.196204158420958,41.71980327296241],[-7.208474987271578,41.71172023765383],[-7.21400437948961,41.68030188808812],[-7.242953094342468,41.64203980882781],[-7.24790284510034,41.62969200719904],[-7.24440576403913,41.61920151447053],[-7.252253708530579,41.6120877057655],[-7.2582481194795605,41.592803333367144],[-7.25310558982385,41.58269985247244],[-7.258919568209954,41.572159507501226],[-7.258242562285372,41.56349233637351],[-7.249905124025392,41.554597436120304],[-7.247872571630525,41.54594767314199],[-7.239904754935817,41.542196904418994],[-7.239518111454542,41.535807809866625],[-7.232004275615641,41.530896355511594],[-7.229106055918866,41.52280262519198],[-7.238101512195936,41.518906170289966],[-7.284420105287343,41.51508972809088],[-7.301485495924872,41.487496286172785],[-7.3042013094983576,41.47020619520073],[-7.298311826296215,41.46460257386706],[-7.327875505864987,41.45977328921247],[-7.3327032179683505,41.45120542312599],[-7.345098319937576,41.452321032502574],[-7.364129955432241,41.440043237769004],[-7.359604678850939,41.42420121928694],[-7.3659460278860704,41.41589383925386],[-7.362206106730558,41.406501518656256],[-7.366222721052588,41.39770708639021],[-7.358206031980442,41.3882991508157],[-7.3596263936234925,41.38147897427949],[-7.352606732299466,41.376598744218136],[-7.359771058280587,41.36324473105341],[-7.347871223398092,41.35160852651308],[-7.314215825651386,41.34130504609168],[-7.314703804031828,41.3384037862075],[-7.3554525170707725,41.33133442825503],[-7.37234499180295,41.31602846579352],[-7.372251958733176,41.3113055419954],[-7.362208690651293,41.30380102167509],[-7.3927537312325455,41.28084115186052],[-7.387004924195047,41.2729985489289],[-7.393698021019728,41.26148941190961],[-7.393955364705239,41.25121222362631],[-7.387710719160099,41.24410436387462],[-7.414969783540894,41.247188241106926],[-7.422857498404778,41.23859848508289],[-7.421205350586297,41.220802004384396],[-7.431901342840373,41.21080460747677],[-7.450904129260131,41.21403851209268],[-7.469101749211102,41.19950483556049],[-7.502424176752943,41.19933730293072],[-7.523601208845371,41.17970537263808],[-7.549247016645966,41.18727615900601],[-7.555384761780263,41.1742403685968],[-7.57520169870942,41.16030366391434],[-7.591210920068269,41.15612323824306],[-7.614085389886214,41.160770320813626],[-7.641199321178648,41.15890510159407],[-7.659459422005939,41.164721686085784],[-7.697901565911487,41.141505464297815],[-7.77609857895089,41.152004865885864],[-7.796803454198326,41.1614112838511],[-7.804688188483904,41.15862501479058],[-7.8099032182702155,41.14800362166628],[-7.816699786160664,41.14590499170491],[-7.860884441322026,41.158402826232056],[-7.87639755823979,41.15553552358705],[-7.887303253929904,41.134204129631485],[-7.897334807302674,41.13077450358131],[-7.89980083140157,41.12059421459172],[-7.911895366927693,41.11990504052026],[-7.91239470299165,41.13849751289524],[-7.90243560243454,41.146689517346964],[-7.9036944695130655,41.154697937593326],[-7.894228483608621,41.16132985821776],[-7.898894436075637,41.17290007073575],[-7.888303369529102,41.18903211535051],[-7.893294341659079,41.206001189197686],[-7.878732191991751,41.23222877095259],[-7.8777850870785615,41.24291301117198],[-7.883461169384149,41.247636750329804],[-7.895691546350318,41.24890386445225],[-7.8977826336097205,41.26756210055651],[-7.916194313640237,41.27260332748159],[-7.914577014033977,41.280611756370206],[-7.921394486358659,41.290299868376756],[-7.9111613959377385,41.30071682291262],[-7.911703549905723,41.30549715239987],[-7.9293353762443415,41.31791723846896],[-7.955798141103406,41.32320407205356],[-7.963996763988668,41.32960273662894],[-7.965494226042527,41.332699660970256],[-7.958849536080397,41.343122368829235],[-7.950323297831976,41.34595803451683],[-7.9483465909314805,41.352276296205766],[-7.956842245586086,41.358935842864575],[-7.972694039541185,41.3604043138393],[-7.970436293455554,41.37081182023677],[-7.974194501961238,41.37520171012248],[-7.970160823396565,41.387329668637655],[-7.981091413443023,41.3943984169319],[-7.975578828876842,41.39714224713994],[-7.975394372397782,41.40259492265307],[-7.966038665092105,41.40285189734564],[-7.9663945349224345,41.41309793039051],[-7.941085284123803,41.43131729665268],[-7.937400963621661,41.44417845709755],[-7.943794368868677,41.452600487839],[-7.938190950827806,41.46224959074422],[-7.9379957533240155,41.47779807422565],[-7.925597916589175,41.4887963678119],[-7.914800884384766,41.49179486650951],[-7.9034508329692015,41.48967531216248],[-7.895553332983693,41.499399996845504],[-7.897894776134055,41.50570094856489],[-7.892400813285301,41.5137939241908],[-7.887218253158886,41.50922299190376],[-7.863657673429429,41.512247437124266],[-7.863994874258023,41.52439738143661],[-7.840829515521478,41.53516256545317],[-7.841792161726674,41.54169829404453],[-7.837175912085911,41.54593534662],[-7.839093950292547,41.553496190496915],[-7.820525737748269,41.55718137059592],[-7.812604414786,41.57653994830745],[-7.819791311839741,41.579903091985635],[-7.817109430792255,41.58739747172019],[-7.838796621081567,41.61026202867574],[-7.848477720927575,41.61380094994779],[-7.857303689817954,41.60140331052826],[-7.878400514157375,41.58860542275737],[-7.890860651758017,41.59293087851283],[-7.900301583375581,41.58730550418325],[-7.914398933459034,41.587804585647426],[-7.931124055042386,41.59509695014182],[-7.953498285353118,41.593205215437195],[-7.9658117030351345,41.60342905583827],[-7.983399983718066,41.60070389049013],[-7.996596715513726,41.60310387781721],[-8.00299405975263,41.620900762718485],[-8.001195594119292,41.64089799565752],[-7.995947083459566,41.647106302361685],[-7.998994917872503,41.65310095707849],[-7.994896547008249,41.66329782517143],[-7.983090445149273,41.67930893796687],[-8.008239681656638,41.69027770993666],[-8.0180977368373,41.68920520413805],[-8.025360284785513,41.698139274509124],[-8.03723403275467,41.700452891582486],[-8.049901383268963,41.69230427460499],[-8.074943605854612,41.69547835723889],[-8.119490421767619,41.689205691036044]]]}},{"type":"Feature","properties":{"name":"Viseu","key":"Viseu","concelhos":24},"geometry":{"type":"Polygon","coordinates":[[[-8.359192668920375,40.36900468007311],[-8.351330968799113,40.398875732572044],[-8.354893554189644,40.40889643493339],[-8.340513025496701,40.41622649371389],[-8.344493089825468,40.424999985468084],[-8.331870795411694,40.43713199180924],[-8.317930147123247,40.443295364542],[-8.318932353841358,40.456845197441766],[-8.334896047308005,40.47550187046544],[-8.33554076817565,40.486078230711406],[-8.330296989411423,40.49299518544595],[-8.299422699398818,40.49915839407929],[-8.282799409095801,40.509195366450236],[-8.263935658122504,40.50383756360552],[-8.250643204222147,40.51280067027937],[-8.271355504656988,40.535627523733616],[-8.284895565577711,40.53910408322362],[-8.289035941564643,40.5678052283916],[-8.299496272084358,40.57780276402453],[-8.30839456308941,40.59639973182975],[-8.300200786421863,40.60289461568977],[-8.275703686477767,40.604657875250645],[-8.252571490527389,40.61253412518577],[-8.250082055925708,40.61762198391751],[-8.295395106716017,40.637402978808645],[-8.296594925401363,40.651396805879074],[-8.289344854019856,40.66756013606327],[-8.298095310437292,40.67580228464386],[-8.297909807036037,40.69080373677496],[-8.307097575114614,40.69260517294732],[-8.314047079010706,40.70384237438448],[-8.325794461503822,40.7106023839098],[-8.324081579237973,40.72019711353116],[-8.333593618081998,40.73699795295937],[-8.321198719649956,40.742694034081836],[-8.30791139748678,40.74306674071402],[-8.278008790360467,40.75862956434693],[-8.276693450893523,40.76439732906791],[-8.26896878199245,40.76800466563501],[-8.265754066936054,40.77621962242142],[-8.268091958019724,40.78049891577884],[-8.257821280150692,40.786608626023074],[-8.257094707582516,40.79839830613049],[-8.24346945126455,40.80758311529604],[-8.237221296612292,40.82646064141959],[-8.255092901319648,40.85589761487684],[-8.231000670862507,40.86469420202006],[-8.20665866105117,40.848762815952675],[-8.191178296683697,40.84637074534666],[-8.167399295691986,40.86619436903462],[-8.133084707868178,40.84941308429778],[-8.107630481788945,40.855103240527576],[-8.103590138720799,40.86494047366176],[-8.115670393171103,40.8900125126305],[-8.12809494623338,40.898801871437506],[-8.122237758334524,40.92115639126099],[-8.130495601179708,40.93580138688212],[-8.131494754241086,40.95059682657295],[-8.122508384909956,40.954746415791405],[-8.116896519158844,40.96489662235457],[-8.102479685816474,40.97303710832553],[-8.100195913852968,40.979997312380384],[-8.089225631015633,40.987965806276115],[-8.091645750041398,41.009150497396305],[-8.097875620677595,41.01149440712634],[-8.103803162272266,41.00210367420073],[-8.117542424816834,40.99724951572882],[-8.12120378338822,40.98760262215247],[-8.133401816076878,40.97860552096955],[-8.14289886384068,40.978604069644646],[-8.159470585601545,40.988437652577716],[-8.178098275104173,40.98820465563182],[-8.19435279456976,40.997884982573986],[-8.212983010999702,40.994007765217376],[-8.208655187708171,41.01056847586432],[-8.223500450341968,41.01587031404046],[-8.234694547532449,41.01180669624615],[-8.240982515906355,41.02519968906415],[-8.231024489668078,41.03289609639006],[-8.230628319565993,41.043737359459996],[-8.238095058774972,41.049002518527125],[-8.239367909020025,41.05736807247619],[-8.252098677916742,41.05880419105678],[-8.263993026345913,41.065900867258925],[-8.259497985249817,41.07039499782841],[-8.244463786534668,41.070275085008575],[-8.23279806760917,41.07899469969362],[-8.221708915519908,41.07969381785499],[-8.204598654136092,41.09409527303037],[-8.136904479205036,41.083785324142596],[-8.118509369556246,41.08861129403306],[-8.112997492904018,41.09499661864213],[-8.098399899913696,41.10059486940888],[-8.081874712616129,41.09170301565507],[-8.056392678758248,41.08967366538082],[-8.027200350205689,41.09677113049864],[-8.014298694361761,41.10429623052304],[-7.969499799964234,41.11579512419076],[-7.961449123245772,41.11442005429426],[-7.95159879112762,41.12269532116911],[-7.9305256494605425,41.11812192773123],[-7.903467248266501,41.11930033125292],[-7.897296540788716,41.131996067499834],[-7.8868000650223316,41.135206721884515],[-7.879492711102892,41.15299753218229],[-7.860199983143572,41.15849572938531],[-7.815337144297471,41.14628039923472],[-7.802997791841558,41.160095266087886],[-7.789001270562862,41.159395669447434],[-7.775355095325384,41.151888506675604],[-7.698266597269361,41.141850142643044],[-7.682897067074139,41.15329495813026],[-7.657799657016272,41.1628949328315],[-7.589724396923889,41.15655548744755],[-7.55738584069386,41.170910549973875],[-7.549396932252922,41.18719598200825],[-7.543100599063776,41.18829508361074],[-7.523617368911646,41.180682496929336],[-7.508197725601777,41.197195338721606],[-7.469804717415873,41.19954550437487],[-7.456197122706425,41.21249502307069],[-7.447900126185576,41.214695323533014],[-7.389903492259059,41.19469673098811],[-7.382517486436589,41.17825390715621],[-7.374304563154663,41.17199774802947],[-7.373627482366353,41.15964034248731],[-7.362102609067297,41.15739584367863],[-7.355278563802361,41.14738637411556],[-7.339280438535736,41.143904672031724],[-7.3095019775482895,41.14689452202482],[-7.30460603269101,41.13950039029449],[-7.324083313117292,41.11678049963514],[-7.331545638173172,41.087344782241004],[-7.329905609367573,41.07840205043036],[-7.3361935612580895,41.07299893886153],[-7.344879023258864,41.04946792604767],[-7.34030662797151,41.04429777317568],[-7.342435600962042,41.037441370793374],[-7.3332067469791005,41.024197811217554],[-7.3401025513141445,41.012504588996],[-7.375799983274134,41.01330694548621],[-7.379398775153109,41.0102235641726],[-7.374852809206677,40.99244427075566],[-7.355372282919952,40.98277962811547],[-7.338001367830097,40.98039607701763],[-7.32530580053902,40.97199799456685],[-7.33404703022463,40.94560378451505],[-7.331206210723311,40.940399360532545],[-7.336135816805475,40.9341808708251],[-7.35885916969751,40.92748594318351],[-7.374025193996348,40.91240877557092],[-7.376304604245142,40.8870025500475],[-7.382028510525069,40.88102396120663],[-7.3774055095672715,40.87459879169606],[-7.380001367053683,40.868708232466716],[-7.3896274036659895,40.87851199959955],[-7.403006501126425,40.87782500508113],[-7.4156033848386445,40.85380256651162],[-7.428180502593649,40.842120070581224],[-7.428205637411885,40.83570133566782],[-7.436003209799153,40.82430324021056],[-7.453599693296465,40.8125058861442],[-7.464395576157254,40.82150211870494],[-7.465896339892848,40.82772519389281],[-7.48279544066977,40.835202775360855],[-7.498963183677377,40.85565577508282],[-7.510796437055867,40.85940370193398],[-7.515132338574947,40.86936365562286],[-7.5294958603178745,40.87297171949253],[-7.563133684225066,40.871150199174394],[-7.587362024167729,40.85026867645925],[-7.591304084909054,40.82990249870126],[-7.626058349580472,40.785525789559635],[-7.624224496310677,40.780111774335154],[-7.584102893817946,40.76549611180437],[-7.57070662992378,40.74750077368057],[-7.595371304038193,40.72640599446152],[-7.5885363808751665,40.71186138749499],[-7.562508681783375,40.69424124662921],[-7.542601220750638,40.69589553300184],[-7.5351070408863325,40.690299861511406],[-7.551146262593862,40.6769550651216],[-7.552135137487999,40.66775941993757],[-7.5421078312128484,40.659400482462196],[-7.563971162693187,40.645819045689855],[-7.561804935493598,40.635900327063716],[-7.588678540096376,40.586333905464606],[-7.587916809905472,40.577720986469096],[-7.581310671762911,40.57310127643491],[-7.606700550277332,40.56500535210279],[-7.63568454759626,40.5678193118797],[-7.6550008465809585,40.55920444583858],[-7.664767967867183,40.55921050163382],[-7.669403067185105,40.55190500415762],[-7.6826123973926475,40.55181039705448],[-7.69000158362979,40.54590477514451],[-7.705225671503995,40.54658378538145],[-7.722288894725702,40.534167352821974],[-7.744800524475737,40.525904647560374],[-7.757129296460047,40.52718148208643],[-7.784001444868712,40.50730464939274],[-7.819789118012306,40.50829423789263],[-7.8228041555459535,40.49960322715364],[-7.841299785602022,40.49310482836969],[-7.848303283688055,40.49456784646428],[-7.9014688017087416,40.45896912778907],[-7.931002374316873,40.42880385300895],[-7.956177476029078,40.42279176731817],[-7.9739023540649745,40.40520437560098],[-7.9859774776680075,40.40267431063833],[-8.008801630285305,40.38980511811587],[-8.043897742010826,40.38441755712117],[-8.050785353707253,40.37564987163225],[-8.067799950738266,40.37259971379257],[-8.074702749388733,40.363404197864796],[-8.089652781822478,40.36022032522829],[-8.116501170548482,40.339105503387835],[-8.131149322342027,40.341651835876405],[-8.13420257636224,40.33310930494662],[-8.138990028574598,40.33753655148119],[-8.154298762263448,40.33760580171374],[-8.169159906191712,40.34415491426731],[-8.18579635370474,40.33380593319572],[-8.191701095784762,40.34219055823931],[-8.19940084653424,40.338804946601634],[-8.210390471715446,40.341093964505305],[-8.230541281808605,40.33199778904879],[-8.233203667043782,40.32280643254425],[-8.242598837884442,40.32619480352214],[-8.250799134465614,40.323205418513545],[-8.263465219735783,40.333654626530766],[-8.276497490884292,40.335705088131014],[-8.299864224175636,40.35807793784076],[-8.321533090151712,40.36084661787024],[-8.329197676147615,40.354805271920846],[-8.342981043323725,40.369425619028966],[-8.359192668920375,40.36900468007311]]]}},{"type":"Feature","properties":{"name":"Évora","key":"Évora","concelhos":14},"geometry":{"type":"Polygon","coordinates":[[[-8.658294425525549,38.602300044952514],[-8.653496578076169,38.61229658402561],[-8.636554089097432,38.62058138271959],[-8.612497930887947,38.64459573315283],[-8.601359464452853,38.646119889310945],[-8.590928909051325,38.65392619868325],[-8.578750394176458,38.66633520178553],[-8.578993773482997,38.67159722858348],[-8.540711470405931,38.685722835781334],[-8.530985133841725,38.69226430007521],[-8.519997212070496,38.708896417313916],[-8.501715541392379,38.71601700966238],[-8.50122183697176,38.721582894311666],[-8.509095086579759,38.72770310207024],[-8.510495460310205,38.737199158382076],[-8.505596331577435,38.745896497648936],[-8.492193030046137,38.75467002690889],[-8.492466445575399,38.76096117491933],[-8.546789247297488,38.763404218862185],[-8.500473296693338,38.807430336547924],[-8.477002536765088,38.80149613510501],[-8.46873601895913,38.795470519303464],[-8.449156666332293,38.80774639774999],[-8.438695720617874,38.82749649026369],[-8.430197922717738,38.83429607965137],[-8.419203905,38.83769405500976],[-8.417361846015394,38.826935324872416],[-8.40801714930627,38.82380053242694],[-8.385687771750156,38.838442512657],[-8.389292614603306,38.84719985030669],[-8.377398878454745,38.85639458608618],[-8.342408542903822,38.83903808304195],[-8.321300454093356,38.859292816085954],[-8.313824070795453,38.84987843896255],[-8.30909689517564,38.84992523409671],[-8.30150418777199,38.869077591369596],[-8.300783229826639,38.86265243497198],[-8.289633834331209,38.85242199497407],[-8.27222532637439,38.842957510242194],[-8.26040935466883,38.84339498586111],[-8.267435398402686,38.831003724781326],[-8.250690590947888,38.81858051856677],[-8.23152176489646,38.82188148702477],[-8.222499934270463,38.82949416294649],[-8.197306614989474,38.80799951476157],[-8.202014930259987,38.80212377965033],[-8.200444048073457,38.79754924058303],[-8.192861643431607,38.79482641423679],[-8.185897872236504,38.802195333308816],[-8.173606560054022,38.80099630166735],[-8.177912829602295,38.791377491531904],[-8.174842411565526,38.782584742056855],[-8.15132903904396,38.77282183168369],[-8.14264137569631,38.77383052352777],[-8.140095115167451,38.78809791600308],[-8.127399363869301,38.80736863366622],[-8.146296063708668,38.81902315730039],[-8.15989083836741,38.80661280166615],[-8.158397827636545,38.8128869765723],[-8.166327042867994,38.82817805902811],[-8.175070217852504,38.83313052873207],[-8.18109877819283,38.832104969780445],[-8.187894908522255,38.83810187563163],[-8.186095487319248,38.85069619459693],[-8.163514551035023,38.86272736171046],[-8.163037946798081,38.86865991967401],[-8.181153247682698,38.87875375023089],[-8.190497268657793,38.873488327761066],[-8.201269359376662,38.87793460503985],[-8.207897142416883,38.87440744166459],[-8.211968030097658,38.88539073376626],[-8.272191883777568,38.90750188819618],[-8.242817277884745,38.938538111792205],[-8.235114281900954,38.967315303668904],[-8.242492532045418,38.97340128391177],[-8.227900455362503,38.987393513071716],[-8.216493196926075,38.98087776876156],[-8.192096453087572,39.00789608405423],[-8.174799495818004,39.020594527321656],[-8.163375691012966,39.01606007541345],[-8.151999090236615,39.02689391555592],[-8.141538441240884,39.015532057712115],[-8.13379637823654,39.01352523343992],[-8.130248080861369,39.016281978565615],[-8.13099452959912,39.02299539835237],[-8.103802862902011,39.02269534254791],[-8.098607933529031,39.01270554111435],[-8.111955818250118,39.01369684534192],[-8.120138532656842,39.002725885528434],[-8.119067408255697,38.99563022703414],[-8.101492615251912,38.970443986103234],[-8.088117781548851,38.97678427893906],[-8.089795330632526,38.992898890619514],[-8.084281542998003,39.00121778907984],[-8.086293925416355,39.00609990334833],[-8.079197498788973,39.013795756199485],[-8.071000609060102,39.01579546118297],[-8.05580871177746,39.00746311575127],[-8.047602382580704,39.00829449068603],[-8.035595643679338,38.99102662354551],[-8.01370559868524,38.98139764739969],[-8.01965465329236,38.96515148113311],[-8.013906659647654,38.95839978776006],[-8.023175473310163,38.9480882991167],[-8.019690769537494,38.9421112210717],[-7.98639349160626,38.944385000552025],[-7.967912529311774,38.95179552741899],[-7.9508971502266705,38.97039565428567],[-7.946203305115917,38.97199404079373],[-7.941881864853822,38.96827151313342],[-7.921901321785484,38.973694993322425],[-7.901135084159194,38.9483233549809],[-7.896408767635815,38.94729342257986],[-7.89957096507914,38.93899739919589],[-7.89120597978149,38.92875645067328],[-7.877004652417076,38.92639601213587],[-7.874267141748155,38.90916503733579],[-7.864701382902201,38.90899470738372],[-7.852269822151336,38.9015176819829],[-7.827596841490445,38.902306696486036],[-7.8207830899416715,38.898479931823516],[-7.79221242171635,38.896631989818495],[-7.7854976129748295,38.907094157124774],[-7.771806011179807,38.90141031190032],[-7.751905330746737,38.908391433912584],[-7.741958769800203,38.91853606862637],[-7.7412953211714095,38.926498592663265],[-7.732899238000479,38.93919299621747],[-7.71362946482006,38.920551569534126],[-7.700196003190882,38.9135707949103],[-7.683398737351182,38.92939433985336],[-7.651497855832944,38.912529102614414],[-7.642552276136714,38.912239933171804],[-7.63409174807918,38.92939902295822],[-7.604296568263346,38.95379341675466],[-7.59709944385075,38.95649531497032],[-7.569031073189096,38.953354633695554],[-7.566593978472962,38.959494992398966],[-7.559374112688425,38.95927005307536],[-7.543222749080177,38.96776067002077],[-7.540439127533565,38.98143339558481],[-7.553394327264023,38.99190118507072],[-7.544620037627124,38.99618452682531],[-7.544594413621258,39.00269755936233],[-7.533300923085664,39.008394427476716],[-7.5139047427105625,38.987694552843806],[-7.485106057130852,38.98769448344569],[-7.485380434772999,38.97683626505303],[-7.474201230200041,38.976894283836195],[-7.452908071166466,38.9643992892904],[-7.463197090233431,38.95469391845941],[-7.463875786437835,38.940276431840736],[-7.454908103402294,38.9336998613892],[-7.462561059315291,38.92456662018536],[-7.422705278919242,38.90319810290422],[-7.427443966271713,38.888815174116296],[-7.423805640406947,38.88010118739988],[-7.426453157634802,38.87440558348296],[-7.422722937877375,38.867873218720476],[-7.407206835115706,38.8601995836681],[-7.4046092110034705,38.84870869503166],[-7.413152137598573,38.85163208389233],[-7.418309040098665,38.84589026914865],[-7.405304978264534,38.8371969931808],[-7.391178637405793,38.80447889682255],[-7.368211651776672,38.81139123994544],[-7.371780701090672,38.80537706349621],[-7.368322645030506,38.80106672818982],[-7.353306321219023,38.805493014633996],[-7.349558170942281,38.79924618409603],[-7.327353092719802,38.80437469321492],[-7.321376681576308,38.81409779944622],[-7.325592665464205,38.82519742927547],[-7.3071327804281605,38.83026691749412],[-7.304093601891425,38.837397039650895],[-7.294700952288379,38.840595083992696],[-7.278984016580945,38.8295449463364],[-7.272397742752352,38.836795630100355],[-7.260304753451268,38.83821822674324],[-7.257496543813441,38.84799508663732],[-7.240202852178569,38.845394973774816],[-7.2270380083777175,38.830474304275825],[-7.218099095757428,38.83579403050857],[-7.2074206141621335,38.83110481909835],[-7.213190096597564,38.8299209201948],[-7.217795305762048,38.820605440213114],[-7.211106515065316,38.807801377679446],[-7.231928305439697,38.78347144295181],[-7.229216475449894,38.77899130480713],[-7.221514039463087,38.778695826479044],[-7.228171351707643,38.773830243610206],[-7.22796190433583,38.76755043604818],[-7.217101946522306,38.76419436741411],[-7.2102902208467095,38.75424167248381],[-7.203710183029727,38.75149901405995],[-7.22850156523328,38.73670432597844],[-7.245130069673264,38.733909207516504],[-7.259298293079478,38.72263595877928],[-7.258005126967812,38.71350096829605],[-7.2672325537614295,38.69883450191067],[-7.272281953927168,38.6386501005267],[-7.265316095651855,38.62781722685624],[-7.24680186693401,38.62749570165501],[-7.243606715667954,38.62400061090538],[-7.258553473167344,38.61242513566238],[-7.263903900736946,38.58790202501271],[-7.275601849728239,38.575504585446936],[-7.283925783057285,38.5744914281039],[-7.28900426954933,38.558102441279395],[-7.302777034793136,38.54350397146503],[-7.3013052879525295,38.524402206708196],[-7.3143187978850115,38.51354159624312],[-7.320635934407428,38.47971280344795],[-7.3131500655883315,38.47476943801102],[-7.300401350042805,38.482993262701626],[-7.295905489117543,38.47599983450742],[-7.301903446895187,38.465303591120524],[-7.313803054809182,38.45867038659305],[-7.315004652156513,38.44910372114432],[-7.326839269347868,38.44546055802259],[-7.328891256422484,38.44116887892107],[-7.3253886179121395,38.43795007729148],[-7.316301270144393,38.439495038093305],[-7.300714645892661,38.426771228152326],[-7.291505626218151,38.42769430184497],[-7.289939510879883,38.42339337171089],[-7.279703981466929,38.41969604218819],[-7.270852548450057,38.39439915102177],[-7.20230299817483,38.328997371103554],[-7.182826060776058,38.29677604284625],[-7.166865435577494,38.28191999968167],[-7.150605159047358,38.27579740088807],[-7.1429043854487935,38.26169650041721],[-7.142444370067073,38.24027275244985],[-7.122115439037716,38.21289466343844],[-7.112704348347269,38.20629663455548],[-7.106805531027784,38.19010190022731],[-7.123844886323593,38.18421723332945],[-7.129403013946841,38.171704849302884],[-7.151988019499676,38.17250175901907],[-7.154705948783497,38.1662857878185],[-7.149805723380524,38.158499600863344],[-7.152001445231563,38.154706466506795],[-7.159496468020243,38.15990312302216],[-7.183620031662009,38.20578649703376],[-7.19909453328875,38.22410087983536],[-7.192303592783991,38.24594549536005],[-7.234397838314264,38.257105178080494],[-7.244096421414472,38.26310415787505],[-7.260294902646713,38.28220211604423],[-7.262259818611573,38.30340065110097],[-7.278794722108389,38.32010115389451],[-7.277187803896438,38.326220337795064],[-7.280927703523333,38.32970140777414],[-7.310251691571069,38.32525135852451],[-7.3214009787623455,38.31660482372633],[-7.3370852818886405,38.32023517108386],[-7.3561024094176535,38.299205067063674],[-7.386522367452824,38.300796671759436],[-7.3963859164578585,38.29343633970686],[-7.413835957661109,38.2638715767317],[-7.431819148847907,38.26006972996361],[-7.438103564290861,38.24300302046418],[-7.453455590816449,38.234560346046564],[-7.466702849767541,38.21540473302344],[-7.487426678108219,38.21155183602067],[-7.496093497694754,38.206211834061484],[-7.497651582319507,38.199660620812075],[-7.491608515807852,38.19010510260475],[-7.546275708051261,38.19498676601354],[-7.558257464289127,38.194324988244425],[-7.567100609485437,38.188905754308955],[-7.580197561954726,38.193803641427],[-7.589736215299799,38.20338716989025],[-7.60979941582055,38.20270542386723],[-7.63437134032261,38.20930744452002],[-7.669599546286267,38.200205200522305],[-7.693450258073798,38.211314414634415],[-7.712997463812065,38.215005246089234],[-7.7341152285649954,38.2333778106701],[-7.758752985364124,38.24639510195383],[-7.780298816637202,38.24860388315069],[-7.789584593580091,38.25397471410145],[-7.804401526021635,38.24590398013224],[-7.817797776257551,38.244604776372086],[-7.825268348713373,38.253644606883434],[-7.8390991364196925,38.25160470376375],[-7.8578462314348245,38.26330349870071],[-7.8684982384157935,38.26400545589693],[-7.898943203830256,38.28362300429202],[-7.907099367059818,38.27940605698081],[-7.913272699775724,38.28962392121497],[-7.979684884384151,38.31753589187338],[-7.99330409849049,38.30881967040902],[-7.995703676117052,38.302503958832446],[-8.009697036469586,38.299505558759165],[-8.02049821545715,38.30100527704531],[-8.043009621936594,38.325425160786466],[-8.054030351789068,38.32807391146104],[-8.071999770807556,38.318405272189985],[-8.078532147830753,38.32221000512022],[-8.104802875051943,38.32042723961737],[-8.133000082489083,38.31280513297655],[-8.14219737537306,38.31500377173863],[-8.152773866964454,38.32865219680641],[-8.160036369238128,38.32651067133108],[-8.160005992669927,38.3203040677839],[-8.170198442312227,38.319404923906475],[-8.19810328342251,38.34259467778874],[-8.269196693853832,38.353604355785684],[-8.278640572649975,38.37165309115725],[-8.300388110196353,38.37544071473953],[-8.322589860230545,38.37220594556083],[-8.301296575087363,38.39969641647359],[-8.287223886960088,38.41000740745473],[-8.287701214351838,38.414846473955],[-8.301687328712633,38.42489599527012],[-8.289663477948693,38.42514455843997],[-8.287037143060358,38.43017079163141],[-8.292103387658754,38.43744884098736],[-8.323095904909334,38.43680447177378],[-8.324094848829498,38.45229689779954],[-8.313223116962176,38.45736816442498],[-8.31213522689734,38.461923845884364],[-8.335823006678293,38.50662230005493],[-8.359796882471347,38.52620257617557],[-8.3692523326483,38.544424174273296],[-8.398889797861703,38.537696628289204],[-8.41040235363192,38.525103549158565],[-8.423100552257937,38.52100440344009],[-8.442197519528634,38.522204194651565],[-8.44737052411765,38.52657412590922],[-8.475896850613193,38.516805872035945],[-8.480025566641388,38.530897172929386],[-8.492896184641546,38.52930583454388],[-8.495326835506928,38.545650519819866],[-8.504702163245652,38.54741758020821],[-8.517330258758708,38.54078263090167],[-8.507004264976898,38.52649822973103],[-8.506205385586968,38.51920332205799],[-8.527696971530586,38.511205937489265],[-8.533277699183017,38.52767501565316],[-8.572495787905613,38.531604574471686],[-8.577155651689678,38.54614171709356],[-8.589899931603652,38.542105026417566],[-8.6157199161438,38.5529417381182],[-8.639096130705571,38.54950499336907],[-8.641081444832533,38.56782588573249],[-8.658294425525549,38.602300044952514]]]}}]}